"Status","SizeBytes","LastWrite","FullPath","Reason"
"OK","604","06/03/2026 23:01:36","C:\Users\evert\AppData\Roaming\.minecraft\modpacks\1f83bbfa-9b1b-3014-9381-ae7506ba9ccc\datapacks\sawmill.zip",""
"OK","2383","25/03/2026 23:40:37","C:\Users\evert\AppData\Roaming\.minecraft\modpacks\1f83bbfa-9b1b-3014-9381-ae7506ba9ccc\local\ftbchunks\data\a2357681-5d58-4b05-854a-64c75c6ccc3b\minecraft_overworld\0EA60-0EA5F.zip",""
"OK","3820","23/03/2026 16:35:09","C:\Users\evert\AppData\Roaming\.minecraft\modpacks\1f83bbfa-9b1b-3014-9381-ae7506ba9ccc\local\ftbchunks\data\965fc066-d775-4742-b778-635dac9583b3\minecraft_overworld\0EA61-0EA5F.zip",""
"OK","4157","23/03/2026 12:04:25","C:\Users\evert\AppData\Roaming\.minecraft\modpacks\1f83bbfa-9b1b-3014-9381-ae7506ba9ccc\mods\imfast-NEOFORGE-1.0.2.jar",""
"OK","4566","23/03/2026 12:04:05","C:\Users\evert\AppData\Roaming\.minecraft\modpacks\1f83bbfa-9b1b-3014-9381-ae7506ba9ccc\mods\flickerfix-1.21.1-6.1.0.jar",""
"OK","4623","23/03/2026 12:02:23","C:\Users\evert\AppData\Roaming\.minecraft\modpacks\1f83bbfa-9b1b-3014-9381-ae7506ba9ccc\mods\FastFurnace-1.21.1-9.0.1.jar",""
"OK","4884","23/03/2026 12:05:20","C:\Users\evert\AppData\Roaming\.minecraft\modpacks\1f83bbfa-9b1b-3014-9381-ae7506ba9ccc\mods\novillagerdm-1.21.1-6.0.0.jar",""
"OK","4906","23/03/2026 16:23:21","C:\Users\evert\AppData\Roaming\.minecraft\modpacks\1f83bbfa-9b1b-3014-9381-ae7506ba9ccc\local\ftbchunks\data\965fc066-d775-4742-b778-635dac9583b3\minecraft_overworld\0EA5F-0EA5D.zip",""
"OK","5328","23/03/2026 12:04:36","C:\Users\evert\AppData\Roaming\.minecraft\modpacks\1f83bbfa-9b1b-3014-9381-ae7506ba9ccc\mods\jumpboat-1.21.0-1.0.5.jar",""
"OK","6096","23/03/2026 16:23:21","C:\Users\evert\AppData\Roaming\.minecraft\modpacks\1f83bbfa-9b1b-3014-9381-ae7506ba9ccc\local\ftbchunks\data\965fc066-d775-4742-b778-635dac9583b3\minecraft_overworld\0EA60-0EA5D.zip",""
"OK","6186","23/03/2026 12:02:23","C:\Users\evert\AppData\Roaming\.minecraft\modpacks\1f83bbfa-9b1b-3014-9381-ae7506ba9ccc\mods\heyberryshutup-1.21.0-2.0.4.jar",""
"OK","6389","23/03/2026 12:04:12","C:\Users\evert\AppData\Roaming\.minecraft\modpacks\1f83bbfa-9b1b-3014-9381-ae7506ba9ccc\mods\moredragoneggs-5.0.jar",""
"OK","7312","23/03/2026 12:02:24","C:\Users\evert\AppData\Roaming\.minecraft\modpacks\1f83bbfa-9b1b-3014-9381-ae7506ba9ccc\mods\MoreRed-CCT-Compat-1.21.1-1.3.0.jar",""
"OK","7564","23/03/2026 12:02:27","C:\Users\evert\AppData\Roaming\.minecraft\modpacks\1f83bbfa-9b1b-3014-9381-ae7506ba9ccc\mods\fuelgoeshere-1.21.1-1.2.0.jar",""
"OK","8449","23/03/2026 12:03:56","C:\Users\evert\AppData\Roaming\.minecraft\modpacks\1f83bbfa-9b1b-3014-9381-ae7506ba9ccc\mods\cleanswing-1.9.jar",""
"OK","8784","23/03/2026 12:02:31","C:\Users\evert\AppData\Roaming\.minecraft\modpacks\1f83bbfa-9b1b-3014-9381-ae7506ba9ccc\mods\catjammies-1.21-1.7.1.jar",""
"OK","8825","23/03/2026 12:04:06","C:\Users\evert\AppData\Roaming\.minecraft\modpacks\1f83bbfa-9b1b-3014-9381-ae7506ba9ccc\mods\getittogetherdrops-neoforge-1.21.5-1.4.jar",""
"OK","9222","23/03/2026 16:35:09","C:\Users\evert\AppData\Roaming\.minecraft\modpacks\1f83bbfa-9b1b-3014-9381-ae7506ba9ccc\local\ftbchunks\data\965fc066-d775-4742-b778-635dac9583b3\minecraft_overworld\0EA61-0EA60.zip",""
"OK","10389","23/03/2026 12:04:22","C:\Users\evert\AppData\Roaming\.minecraft\modpacks\1f83bbfa-9b1b-3014-9381-ae7506ba9ccc\mods\hardenedarmadillos-1.21.1-0.2.0.jar",""
"OK","10478","23/03/2026 12:02:52","C:\Users\evert\AppData\Roaming\.minecraft\modpacks\1f83bbfa-9b1b-3014-9381-ae7506ba9ccc\mods\accelerated-decay-neoforge-21.0.0.jar",""
"OK","11177","23/03/2026 12:04:31","C:\Users\evert\AppData\Roaming\.minecraft\modpacks\1f83bbfa-9b1b-3014-9381-ae7506ba9ccc\mods\refinedstorage-curios-integration-1.0.0.jar",""
"OK","12231","23/03/2026 12:04:12","C:\Users\evert\AppData\Roaming\.minecraft\modpacks\1f83bbfa-9b1b-3014-9381-ae7506ba9ccc\mods\wits-1.3.0+1.21-neoforge.jar",""
"OK","12734","23/03/2026 12:04:28","C:\Users\evert\AppData\Roaming\.minecraft\modpacks\1f83bbfa-9b1b-3014-9381-ae7506ba9ccc\mods\repeatable_trial_vaults-neoforge-1.21-1.0.2.jar",""
"OK","13122","26/03/2026 00:29:51","C:\Users\evert\AppData\Roaming\.minecraft\modpacks\1f83bbfa-9b1b-3014-9381-ae7506ba9ccc\local\ftbchunks\data\a2357681-5d58-4b05-854a-64c75c6ccc3b\minecraft_overworld\0EA5E-0EA61.zip",""
"OK","14133","23/03/2026 12:04:56","C:\Users\evert\AppData\Roaming\.minecraft\modpacks\1f83bbfa-9b1b-3014-9381-ae7506ba9ccc\mods\EdivadLib-1.21-3.0.0.jar",""
"OK","16205","26/03/2026 00:32:05","C:\Users\evert\AppData\Roaming\.minecraft\modpacks\1f83bbfa-9b1b-3014-9381-ae7506ba9ccc\local\ftbchunks\data\a2357681-5d58-4b05-854a-64c75c6ccc3b\minecraft_overworld\0EA5D-0EA61.zip",""
"OK","17921","23/03/2026 12:04:38","C:\Users\evert\AppData\Roaming\.minecraft\modpacks\1f83bbfa-9b1b-3014-9381-ae7506ba9ccc\mods\blueflame-1.21.1-1.1.1.jar",""
"OK","18382","23/03/2026 12:02:27","C:\Users\evert\AppData\Roaming\.minecraft\modpacks\1f83bbfa-9b1b-3014-9381-ae7506ba9ccc\mods\Clumps-neoforge-1.21.1-19.0.0.1.jar",""
"OK","18397","25/03/2026 23:52:50","C:\Users\evert\AppData\Roaming\.minecraft\modpacks\1f83bbfa-9b1b-3014-9381-ae7506ba9ccc\local\ftbchunks\data\a2357681-5d58-4b05-854a-64c75c6ccc3b\minecraft_overworld\0EA5D-0EA5F.zip",""
"OK","19809","23/03/2026 12:02:33","C:\Users\evert\AppData\Roaming\.minecraft\modpacks\1f83bbfa-9b1b-3014-9381-ae7506ba9ccc\mods\attributefix-neoforge-1.21.1-21.1.3.jar",""
"OK","20130","23/03/2026 12:04:40","C:\Users\evert\AppData\Roaming\.minecraft\modpacks\1f83bbfa-9b1b-3014-9381-ae7506ba9ccc\mods\polyeng-0.4.1.jar",""
"OK","20201","23/03/2026 12:04:49","C:\Users\evert\AppData\Roaming\.minecraft\modpacks\1f83bbfa-9b1b-3014-9381-ae7506ba9ccc\mods\ars_polymorphia-1.0.3.jar",""
"OK","20389","23/03/2026 12:02:23","C:\Users\evert\AppData\Roaming\.minecraft\modpacks\1f83bbfa-9b1b-3014-9381-ae7506ba9ccc\mods\botanytrees-neoforge-1.21.1-21.1.3.jar",""
"OK","20604","23/03/2026 12:02:58","C:\Users\evert\AppData\Roaming\.minecraft\modpacks\1f83bbfa-9b1b-3014-9381-ae7506ba9ccc\mods\omegaconfig-neoforge-1.5.1.jar",""
"OK","21079","23/03/2026 12:03:00","C:\Users\evert\AppData\Roaming\.minecraft\modpacks\1f83bbfa-9b1b-3014-9381-ae7506ba9ccc\mods\ToastControl-1.21.1-9.0.1.jar",""
"OK","21929","23/03/2026 12:03:58","C:\Users\evert\AppData\Roaming\.minecraft\modpacks\1f83bbfa-9b1b-3014-9381-ae7506ba9ccc\mods\WitherSkeletonTweaks-1.21.1-10.1.1.jar",""
"OK","22307","23/03/2026 12:02:30","C:\Users\evert\AppData\Roaming\.minecraft\modpacks\1f83bbfa-9b1b-3014-9381-ae7506ba9ccc\mods\overloadedarmorbar-neoforge-1.21-2.jar",""
"OK","22328","23/03/2026 12:03:28","C:\Users\evert\AppData\Roaming\.minecraft\modpacks\1f83bbfa-9b1b-3014-9381-ae7506ba9ccc\mods\memorysettings-1.21-5.9.jar",""
"OK","22650","25/03/2026 23:41:50","C:\Users\evert\AppData\Roaming\.minecraft\modpacks\1f83bbfa-9b1b-3014-9381-ae7506ba9ccc\local\ftbchunks\data\a2357681-5d58-4b05-854a-64c75c6ccc3b\minecraft_overworld\0EA60-0EA60.zip",""
"OK","23509","23/03/2026 12:03:18","C:\Users\evert\AppData\Roaming\.minecraft\modpacks\1f83bbfa-9b1b-3014-9381-ae7506ba9ccc\mods\cupboard-1.21-2.9.jar",""
"OK","24449","23/03/2026 12:03:03","C:\Users\evert\AppData\Roaming\.minecraft\modpacks\1f83bbfa-9b1b-3014-9381-ae7506ba9ccc\mods\JustEnoughProfessions-neoforge-1.21.1-4.0.4.jar",""
"OK","25085","23/03/2026 12:04:34","C:\Users\evert\AppData\Roaming\.minecraft\modpacks\1f83bbfa-9b1b-3014-9381-ae7506ba9ccc\mods\better-compatability-checker-neoforge-21.1.8.jar",""
"OK","25097","23/03/2026 12:03:35","C:\Users\evert\AppData\Roaming\.minecraft\modpacks\1f83bbfa-9b1b-3014-9381-ae7506ba9ccc\mods\soulplied_energistics-1.0.2.jar",""
"OK","25203","23/03/2026 12:02:59","C:\Users\evert\AppData\Roaming\.minecraft\modpacks\1f83bbfa-9b1b-3014-9381-ae7506ba9ccc\mods\theurgy_kubejs-1.21.1-neoforge-1.5.1.jar",""
"OK","25483","23/03/2026 12:05:18","C:\Users\evert\AppData\Roaming\.minecraft\modpacks\1f83bbfa-9b1b-3014-9381-ae7506ba9ccc\mods\rangedpumps-1.3.0.jar",""
"OK","27537","23/03/2026 12:02:26","C:\Users\evert\AppData\Roaming\.minecraft\modpacks\1f83bbfa-9b1b-3014-9381-ae7506ba9ccc\mods\bwncr-neoforge-1.21.1-3.20.3.jar",""
"OK","28193","23/03/2026 12:02:23","C:\Users\evert\AppData\Roaming\.minecraft\modpacks\1f83bbfa-9b1b-3014-9381-ae7506ba9ccc\mods\FastSuite-1.21.1-6.0.7.jar",""
"OK","28419","23/03/2026 12:04:20","C:\Users\evert\AppData\Roaming\.minecraft\modpacks\1f83bbfa-9b1b-3014-9381-ae7506ba9ccc\mods\atlas_api-1.21.1-1.2.0.jar",""
"OK","28635","23/03/2026 12:03:55","C:\Users\evert\AppData\Roaming\.minecraft\modpacks\1f83bbfa-9b1b-3014-9381-ae7506ba9ccc\mods\FastWorkbench-1.21.1-9.1.3.jar",""
"OK","28984","23/03/2026 12:02:42","C:\Users\evert\AppData\Roaming\.minecraft\modpacks\1f83bbfa-9b1b-3014-9381-ae7506ba9ccc\mods\AI-Improvements-1.21-0.5.3.jar",""
"OK","30409","23/03/2026 12:04:36","C:\Users\evert\AppData\Roaming\.minecraft\modpacks\1f83bbfa-9b1b-3014-9381-ae7506ba9ccc\mods\aeinfinitybooster-neoforge-1.21.1-1.0.0.54.jar",""
"OK","31210","23/03/2026 12:02:27","C:\Users\evert\AppData\Roaming\.minecraft\modpacks\1f83bbfa-9b1b-3014-9381-ae7506ba9ccc\mods\darkmodeeverywhere-1.21-1.3.5.jar",""
"OK","34139","23/03/2026 12:04:24","C:\Users\evert\AppData\Roaming\.minecraft\modpacks\1f83bbfa-9b1b-3014-9381-ae7506ba9ccc\mods\multipiston-1.2.58-1.21.1.jar",""
"OK","35602","23/03/2026 12:04:38","C:\Users\evert\AppData\Roaming\.minecraft\modpacks\1f83bbfa-9b1b-3014-9381-ae7506ba9ccc\mods\OpenLoader-neoforge-1.21.1-21.1.5.jar",""
"OK","36096","23/03/2026 12:05:00","C:\Users\evert\AppData\Roaming\.minecraft\modpacks\1f83bbfa-9b1b-3014-9381-ae7506ba9ccc\mods\melody_neoforge_1.0.10_MC_1.21.jar",""
"OK","39702","23/03/2026 12:03:49","C:\Users\evert\AppData\Roaming\.minecraft\modpacks\1f83bbfa-9b1b-3014-9381-ae7506ba9ccc\mods\smithingtemplateviewer-1.0.4.jar",""
"OK","39734","23/03/2026 12:04:43","C:\Users\evert\AppData\Roaming\.minecraft\modpacks\1f83bbfa-9b1b-3014-9381-ae7506ba9ccc\mods\fireproofboats-1.21.1-1.0.4.jar",""
"OK","40188","23/03/2026 12:05:15","C:\Users\evert\AppData\Roaming\.minecraft\modpacks\1f83bbfa-9b1b-3014-9381-ae7506ba9ccc\mods\GravitationalModulatingAdditionalUnit-1.21.1-6.4.jar",""
"OK","40560","23/03/2026 12:03:49","C:\Users\evert\AppData\Roaming\.minecraft\modpacks\1f83bbfa-9b1b-3014-9381-ae7506ba9ccc\mods\Immersive-Energistics-1.1.0-beta.jar",""
"OK","43798","23/03/2026 12:03:27","C:\Users\evert\AppData\Roaming\.minecraft\modpacks\1f83bbfa-9b1b-3014-9381-ae7506ba9ccc\mods\justzoom_neoforge_2.1.0_MC_1.21.1.jar",""
"OK","44537","23/03/2026 12:04:55","C:\Users\evert\AppData\Roaming\.minecraft\modpacks\1f83bbfa-9b1b-3014-9381-ae7506ba9ccc\mods\jearchaeology-1.21.1-1.1.6.jar",""
"OK","45018","23/03/2026 12:04:58","C:\Users\evert\AppData\Roaming\.minecraft\modpacks\1f83bbfa-9b1b-3014-9381-ae7506ba9ccc\mods\restrictions-1.21-7.0.3.jar",""
"OK","46062","23/03/2026 12:03:59","C:\Users\evert\AppData\Roaming\.minecraft\modpacks\1f83bbfa-9b1b-3014-9381-ae7506ba9ccc\mods\shrink-2.0.1.47-neoforge.jar",""
"OK","46177","23/03/2026 12:02:46","C:\Users\evert\AppData\Roaming\.minecraft\modpacks\1f83bbfa-9b1b-3014-9381-ae7506ba9ccc\mods\keybindspurger-1.21.x-neoforge-1.3.4.jar",""
"OK","47035","23/03/2026 12:02:24","C:\Users\evert\AppData\Roaming\.minecraft\modpacks\1f83bbfa-9b1b-3014-9381-ae7506ba9ccc\mods\modelfix-1.21-1.10.jar",""
"OK","47632","23/03/2026 12:02:51","C:\Users\evert\AppData\Roaming\.minecraft\modpacks\1f83bbfa-9b1b-3014-9381-ae7506ba9ccc\mods\Measurements-neoforge-1.21.1-3.0.3.jar",""
"OK","49360","23/03/2026 12:04:27","C:\Users\evert\AppData\Roaming\.minecraft\modpacks\1f83bbfa-9b1b-3014-9381-ae7506ba9ccc\mods\deimos-1.21.1-neoforge-2.5.jar",""
"OK","49374","23/03/2026 12:02:31","C:\Users\evert\AppData\Roaming\.minecraft\modpacks\1f83bbfa-9b1b-3014-9381-ae7506ba9ccc\mods\MysticalCustomization-1.21.1-6.0.2.jar",""
"OK","49388","23/03/2026 12:04:17","C:\Users\evert\AppData\Roaming\.minecraft\modpacks\1f83bbfa-9b1b-3014-9381-ae7506ba9ccc\mods\AkashicTome-1.8-29.jar",""
"OK","50235","23/03/2026 12:05:12","C:\Users\evert\AppData\Roaming\.minecraft\modpacks\1f83bbfa-9b1b-3014-9381-ae7506ba9ccc\mods\caelus-neoforge-7.0.1+1.21.1.jar",""
"OK","58343","23/03/2026 12:03:54","C:\Users\evert\AppData\Roaming\.minecraft\modpacks\1f83bbfa-9b1b-3014-9381-ae7506ba9ccc\mods\refinedstorage-jei-integration-neoforge-1.0.0.jar",""
"OK","61287","23/03/2026 12:03:50","C:\Users\evert\AppData\Roaming\.minecraft\modpacks\1f83bbfa-9b1b-3014-9381-ae7506ba9ccc\mods\NeoAuth-1.21.1-1.0.1.jar",""
"OK","61377","23/03/2026 12:05:01","C:\Users\evert\AppData\Roaming\.minecraft\modpacks\1f83bbfa-9b1b-3014-9381-ae7506ba9ccc\mods\Glodium-1.21-2.2-neoforge.jar",""
"OK","61522","23/03/2026 12:02:30","C:\Users\evert\AppData\Roaming\.minecraft\modpacks\1f83bbfa-9b1b-3014-9381-ae7506ba9ccc\mods\camol-1.21.1-0.3.0.jar",""
"OK","61578","18/03/2026 23:25:34","C:\Users\evert\AppData\Roaming\.minecraft\modpacks\1f83bbfa-9b1b-3014-9381-ae7506ba9ccc\local\ftbchunks\data\28a718f3-7d74-4539-81ff-36cb3af557b9\minecraft_overworld\0EA5F-0EA5F.zip",""
"OK","62031","23/03/2026 12:05:20","C:\Users\evert\AppData\Roaming\.minecraft\modpacks\1f83bbfa-9b1b-3014-9381-ae7506ba9ccc\mods\Prism-1.21.1-neoforge-1.0.11.jar",""
"OK","66882","23/03/2026 12:02:25","C:\Users\evert\AppData\Roaming\.minecraft\modpacks\1f83bbfa-9b1b-3014-9381-ae7506ba9ccc\mods\refinedstorage-quartz-arsenal-neoforge-1.0.6.jar",""
"OK","66992","23/03/2026 12:02:29","C:\Users\evert\AppData\Roaming\.minecraft\modpacks\1f83bbfa-9b1b-3014-9381-ae7506ba9ccc\mods\SimpleBackups-1.21-4.0.28.jar",""
"OK","67206","23/03/2026 12:04:38","C:\Users\evert\AppData\Roaming\.minecraft\modpacks\1f83bbfa-9b1b-3014-9381-ae7506ba9ccc\mods\charginggadgets-1.14.1.jar",""
"OK","69759","23/03/2026 12:02:51","C:\Users\evert\AppData\Roaming\.minecraft\modpacks\1f83bbfa-9b1b-3014-9381-ae7506ba9ccc\mods\ftb-jei-extras-21.1.7.jar",""
"OK","71280","23/03/2026 12:04:44","C:\Users\evert\AppData\Roaming\.minecraft\modpacks\1f83bbfa-9b1b-3014-9381-ae7506ba9ccc\mods\illagerwarship-1.0.1-neoforge-1.21.1.jar",""
"OK","73938","23/03/2026 12:03:29","C:\Users\evert\AppData\Roaming\.minecraft\modpacks\1f83bbfa-9b1b-3014-9381-ae7506ba9ccc\mods\MouseTweaks-neoforge-mc1.21-2.26.1.jar",""
"OK","74550","23/03/2026 12:02:25","C:\Users\evert\AppData\Roaming\.minecraft\modpacks\1f83bbfa-9b1b-3014-9381-ae7506ba9ccc\mods\ars_creo-1.21.1-5.2.0.jar",""
"OK","75595","23/03/2026 12:04:08","C:\Users\evert\AppData\Roaming\.minecraft\modpacks\1f83bbfa-9b1b-3014-9381-ae7506ba9ccc\mods\appleskin-neoforge-mc1.21-3.0.8.jar",""
"OK","76340","23/03/2026 12:04:28","C:\Users\evert\AppData\Roaming\.minecraft\modpacks\1f83bbfa-9b1b-3014-9381-ae7506ba9ccc\mods\universalgrid-neoforge-1.21.1-0.2.4.jar",""
"OK","76848","18/03/2026 23:25:34","C:\Users\evert\AppData\Roaming\.minecraft\modpacks\1f83bbfa-9b1b-3014-9381-ae7506ba9ccc\local\ftbchunks\data\28a718f3-7d74-4539-81ff-36cb3af557b9\minecraft_overworld\0EA5F-0EA60.zip",""
"OK","77127","23/03/2026 12:04:35","C:\Users\evert\AppData\Roaming\.minecraft\modpacks\1f83bbfa-9b1b-3014-9381-ae7506ba9ccc\mods\invtweaks-1.21.1-1.3.2.jar",""
"OK","77326","23/03/2026 12:04:25","C:\Users\evert\AppData\Roaming\.minecraft\modpacks\1f83bbfa-9b1b-3014-9381-ae7506ba9ccc\mods\Searchables-neoforge-1.21.1-1.0.2.jar",""
"OK","77555","23/03/2026 12:03:45","C:\Users\evert\AppData\Roaming\.minecraft\modpacks\1f83bbfa-9b1b-3014-9381-ae7506ba9ccc\mods\Controlling-neoforge-1.21.1-19.0.5.jar",""
"OK","77755","23/03/2026 12:04:38","C:\Users\evert\AppData\Roaming\.minecraft\modpacks\1f83bbfa-9b1b-3014-9381-ae7506ba9ccc\mods\tiab-neoforge-6.5.4.jar",""
"OK","78505","23/03/2026 12:04:27","C:\Users\evert\AppData\Roaming\.minecraft\modpacks\1f83bbfa-9b1b-3014-9381-ae7506ba9ccc\mods\ars_ocultas-1.21.1-2.4.0.jar",""
"OK","78624","23/03/2026 12:03:33","C:\Users\evert\AppData\Roaming\.minecraft\modpacks\1f83bbfa-9b1b-3014-9381-ae7506ba9ccc\mods\lmft-1.1.1+1.21.9-neoforge.jar",""
"OK","78661","23/03/2026 12:04:11","C:\Users\evert\AppData\Roaming\.minecraft\modpacks\1f83bbfa-9b1b-3014-9381-ae7506ba9ccc\mods\crafting_on_a_stick-1.21.0.4.jar",""
"OK","79670","23/03/2026 12:04:06","C:\Users\evert\AppData\Roaming\.minecraft\modpacks\1f83bbfa-9b1b-3014-9381-ae7506ba9ccc\mods\treetap-1.21.1-0.4.5.jar",""
"OK","80431","23/03/2026 12:03:04","C:\Users\evert\AppData\Roaming\.minecraft\modpacks\1f83bbfa-9b1b-3014-9381-ae7506ba9ccc\mods\CloudGlass-1.21.1-1.0.1.jar",""
"OK","81808","23/03/2026 12:03:30","C:\Users\evert\AppData\Roaming\.minecraft\modpacks\1f83bbfa-9b1b-3014-9381-ae7506ba9ccc\mods\LegendaryTooltips-1.21.1-neoforge-1.5.5.jar",""
"OK","81847","23/03/2026 12:02:55","C:\Users\evert\AppData\Roaming\.minecraft\modpacks\1f83bbfa-9b1b-3014-9381-ae7506ba9ccc\mods\enchdesc-neoforge-1.21.1-21.1.9.jar",""
"OK","82316","23/03/2026 12:02:51","C:\Users\evert\AppData\Roaming\.minecraft\modpacks\1f83bbfa-9b1b-3014-9381-ae7506ba9ccc\mods\sophisticatedbackpackscreateintegration-1.21.1-0.1.5.29.jar",""
"OK","82475","23/03/2026 12:02:28","C:\Users\evert\AppData\Roaming\.minecraft\modpacks\1f83bbfa-9b1b-3014-9381-ae7506ba9ccc\mods\trophymanager-1.21.1-2.4.1.jar",""
"OK","82792","23/03/2026 12:03:04","C:\Users\evert\AppData\Roaming\.minecraft\modpacks\1f83bbfa-9b1b-3014-9381-ae7506ba9ccc\mods\simple_weather-1.0.13-hotfix.jar",""
"OK","84803","24/03/2026 18:47:10","C:\Users\evert\AppData\Roaming\.minecraft\modpacks\1f83bbfa-9b1b-3014-9381-ae7506ba9ccc\local\ftbchunks\data\965fc066-d775-4742-b778-635dac9583b3\minecraft_overworld\0EA5F-0EA5E.zip",""
"OK","84812","23/03/2026 12:03:42","C:\Users\evert\AppData\Roaming\.minecraft\modpacks\1f83bbfa-9b1b-3014-9381-ae7506ba9ccc\mods\prickle-neoforge-1.21.1-21.1.11.jar",""
"OK","87631","23/03/2026 12:05:15","C:\Users\evert\AppData\Roaming\.minecraft\modpacks\1f83bbfa-9b1b-3014-9381-ae7506ba9ccc\mods\cobblegengalore-1.21.1-0.2.8.jar",""
"OK","88382","23/03/2026 12:04:36","C:\Users\evert\AppData\Roaming\.minecraft\modpacks\1f83bbfa-9b1b-3014-9381-ae7506ba9ccc\mods\ftb-ranks-neoforge-2101.1.3.jar",""
"OK","89375","23/03/2026 12:05:11","C:\Users\evert\AppData\Roaming\.minecraft\modpacks\1f83bbfa-9b1b-3014-9381-ae7506ba9ccc\mods\botanypotsmystical-neoforge-1.21.1-21.1.11.jar",""
"OK","89565","23/03/2026 12:02:31","C:\Users\evert\AppData\Roaming\.minecraft\modpacks\1f83bbfa-9b1b-3014-9381-ae7506ba9ccc\mods\keybindbundles-1.4.0.jar",""
"OK","92312","23/03/2026 12:05:12","C:\Users\evert\AppData\Roaming\.minecraft\modpacks\1f83bbfa-9b1b-3014-9381-ae7506ba9ccc\mods\lionfishapi-2.6.jar",""
"OK","92698","23/03/2026 12:04:28","C:\Users\evert\AppData\Roaming\.minecraft\modpacks\1f83bbfa-9b1b-3014-9381-ae7506ba9ccc\mods\athena-neoforge-1.21-4.0.2.jar",""
"OK","92722","23/03/2026 12:03:49","C:\Users\evert\AppData\Roaming\.minecraft\modpacks\1f83bbfa-9b1b-3014-9381-ae7506ba9ccc\mods\cosmeticarmorreworked-1.21.1-v1-neoforge.jar",""
"OK","95574","23/03/2026 12:04:16","C:\Users\evert\AppData\Roaming\.minecraft\modpacks\1f83bbfa-9b1b-3014-9381-ae7506ba9ccc\mods\sussysniffers-1.21.1-0.1.3.jar",""
"OK","98641","23/03/2026 12:02:23","C:\Users\evert\AppData\Roaming\.minecraft\modpacks\1f83bbfa-9b1b-3014-9381-ae7506ba9ccc\mods\BetterAdvancements-NeoForge-1.21.1-0.4.3.21.jar",""
"OK","100837","23/03/2026 12:02:45","C:\Users\evert\AppData\Roaming\.minecraft\modpacks\1f83bbfa-9b1b-3014-9381-ae7506ba9ccc\mods\itemcollectors-1.1.10-neoforge-mc1.21.jar",""
"OK","101280","23/03/2026 12:03:48","C:\Users\evert\AppData\Roaming\.minecraft\modpacks\1f83bbfa-9b1b-3014-9381-ae7506ba9ccc\mods\ae2jeiintegration-1.2.0.jar",""
"OK","105355","23/03/2026 12:04:36","C:\Users\evert\AppData\Roaming\.minecraft\modpacks\1f83bbfa-9b1b-3014-9381-ae7506ba9ccc\mods\solcarrot-1.21.1-1.16.6.jar",""
"OK","105429","23/03/2026 12:04:20","C:\Users\evert\AppData\Roaming\.minecraft\modpacks\1f83bbfa-9b1b-3014-9381-ae7506ba9ccc\mods\ars_unification-1.2.18.jar",""
"OK","109154","26/03/2026 00:33:52","C:\Users\evert\AppData\Roaming\.minecraft\modpacks\1f83bbfa-9b1b-3014-9381-ae7506ba9ccc\local\ftbchunks\data\a2357681-5d58-4b05-854a-64c75c6ccc3b\minecraft_overworld\0EA5E-0EA60.zip",""
"OK","111528","25/03/2026 23:48:50","C:\Users\evert\AppData\Roaming\.minecraft\modpacks\1f83bbfa-9b1b-3014-9381-ae7506ba9ccc\local\ftbchunks\data\a2357681-5d58-4b05-854a-64c75c6ccc3b\minecraft_overworld\0EA5F-0EA5F.zip",""
"OK","111938","23/03/2026 12:02:50","C:\Users\evert\AppData\Roaming\.minecraft\modpacks\1f83bbfa-9b1b-3014-9381-ae7506ba9ccc\mods\allthewizardgear-1.21.1-1.1.12.jar",""
"OK","112984","23/03/2026 12:02:25","C:\Users\evert\AppData\Roaming\.minecraft\modpacks\1f83bbfa-9b1b-3014-9381-ae7506ba9ccc\mods\moreoverlays-1.24.2-mc1.21.1-neoforge.jar",""
"OK","114165","23/03/2026 12:04:50","C:\Users\evert\AppData\Roaming\.minecraft\modpacks\1f83bbfa-9b1b-3014-9381-ae7506ba9ccc\mods\connectivity-1.21.1-7.6.jar",""
"OK","114860","23/03/2026 12:02:26","C:\Users\evert\AppData\Roaming\.minecraft\modpacks\1f83bbfa-9b1b-3014-9381-ae7506ba9ccc\mods\industrialization_overdrive-1.10.7+1.21.1.jar",""
"OK","120364","23/03/2026 12:04:15","C:\Users\evert\AppData\Roaming\.minecraft\modpacks\1f83bbfa-9b1b-3014-9381-ae7506ba9ccc\mods\TerraBlender-neoforge-1.21.1-4.1.0.8.jar",""
"OK","121559","23/03/2026 12:04:58","C:\Users\evert\AppData\Roaming\.minecraft\modpacks\1f83bbfa-9b1b-3014-9381-ae7506ba9ccc\mods\ferritecore-7.0.3-neoforge.jar",""
"OK","122759","23/03/2026 12:03:46","C:\Users\evert\AppData\Roaming\.minecraft\modpacks\1f83bbfa-9b1b-3014-9381-ae7506ba9ccc\mods\mifa-neoforge-1.21.x-2.1.0.jar",""
"OK","123189","23/03/2026 12:04:01","C:\Users\evert\AppData\Roaming\.minecraft\modpacks\1f83bbfa-9b1b-3014-9381-ae7506ba9ccc\mods\trashslot-neoforge-1.21.1-21.1.4.jar",""
"OK","123229","23/03/2026 12:04:12","C:\Users\evert\AppData\Roaming\.minecraft\modpacks\1f83bbfa-9b1b-3014-9381-ae7506ba9ccc\mods\arseng-2.1.1-beta.jar",""
"OK","125015","23/03/2026 12:03:29","C:\Users\evert\AppData\Roaming\.minecraft\modpacks\1f83bbfa-9b1b-3014-9381-ae7506ba9ccc\mods\ApothicSpawners-1.21.1-1.3.4.jar",""
"OK","125435","25/03/2026 01:57:58","C:\Users\evert\AppData\Roaming\.minecraft\modpacks\1f83bbfa-9b1b-3014-9381-ae7506ba9ccc\local\ftbchunks\data\965fc066-d775-4742-b778-635dac9583b3\minecraft_overworld\0EA5F-0EA60.zip",""
"OK","129958","23/03/2026 12:05:10","C:\Users\evert\AppData\Roaming\.minecraft\modpacks\1f83bbfa-9b1b-3014-9381-ae7506ba9ccc\mods\entangled-1.3.20a-neoforge-mc1.21.jar",""
"OK","130605","23/03/2026 12:05:18","C:\Users\evert\AppData\Roaming\.minecraft\modpacks\1f83bbfa-9b1b-3014-9381-ae7506ba9ccc\mods\torchmaster-neoforge-1.21.1-21.1.9.jar",""
"OK","131920","23/03/2026 12:03:39","C:\Users\evert\AppData\Roaming\.minecraft\modpacks\1f83bbfa-9b1b-3014-9381-ae7506ba9ccc\mods\sophisticatedstoragecreateintegration-1.21.1-0.1.13.54.jar",""
"OK","133851","23/03/2026 12:05:17","C:\Users\evert\AppData\Roaming\.minecraft\modpacks\1f83bbfa-9b1b-3014-9381-ae7506ba9ccc\mods\cryonicconfig-neoforge-1.0.0+mc1.21.11.jar",""
"OK","134388","23/03/2026 12:02:27","C:\Users\evert\AppData\Roaming\.minecraft\modpacks\1f83bbfa-9b1b-3014-9381-ae7506ba9ccc\mods\justenoughbreeding-neoforge-1.21-1.21.1-1.6.2.jar",""
"OK","136513","23/03/2026 12:02:41","C:\Users\evert\AppData\Roaming\.minecraft\modpacks\1f83bbfa-9b1b-3014-9381-ae7506ba9ccc\mods\mekanismcovers-1.3-BETA+1.21.jar",""
"OK","136908","23/03/2026 12:04:24","C:\Users\evert\AppData\Roaming\.minecraft\modpacks\1f83bbfa-9b1b-3014-9381-ae7506ba9ccc\mods\industrial-foregoing-souls-1.21.1-1.10.7.jar",""
"OK","139526","25/03/2026 23:50:50","C:\Users\evert\AppData\Roaming\.minecraft\modpacks\1f83bbfa-9b1b-3014-9381-ae7506ba9ccc\local\ftbchunks\data\a2357681-5d58-4b05-854a-64c75c6ccc3b\minecraft_overworld\0EA5E-0EA5F.zip",""
"OK","140551","23/03/2026 12:03:56","C:\Users\evert\AppData\Roaming\.minecraft\modpacks\1f83bbfa-9b1b-3014-9381-ae7506ba9ccc\mods\reap-neoforge-1.21.1-1.1.2.jar",""
"OK","141328","23/03/2026 12:04:14","C:\Users\evert\AppData\Roaming\.minecraft\modpacks\1f83bbfa-9b1b-3014-9381-ae7506ba9ccc\mods\ftb-xmod-compat-neoforge-21.1.8.jar",""
"OK","141867","23/03/2026 12:02:27","C:\Users\evert\AppData\Roaming\.minecraft\modpacks\1f83bbfa-9b1b-3014-9381-ae7506ba9ccc\mods\interdimensionalwirelesstransmitter-neoforge-1.21.1-0.1.5.jar",""
"OK","146262","23/03/2026 12:02:56","C:\Users\evert\AppData\Roaming\.minecraft\modpacks\1f83bbfa-9b1b-3014-9381-ae7506ba9ccc\mods\simplemagnets-1.1.12c-neoforge-mc1.21.jar",""
"OK","146647","25/03/2026 00:23:53","C:\Users\evert\AppData\Roaming\.minecraft\modpacks\1f83bbfa-9b1b-3014-9381-ae7506ba9ccc\local\ftbchunks\data\965fc066-d775-4742-b778-635dac9583b3\minecraft_overworld\0EA60-0EA5E.zip",""
"OK","146707","23/03/2026 12:05:02","C:\Users\evert\AppData\Roaming\.minecraft\modpacks\1f83bbfa-9b1b-3014-9381-ae7506ba9ccc\mods\silent-lib-1.21.1-neoforge-10.5.1.jar",""
"OK","148483","26/03/2026 00:33:52","C:\Users\evert\AppData\Roaming\.minecraft\modpacks\1f83bbfa-9b1b-3014-9381-ae7506ba9ccc\local\ftbchunks\data\a2357681-5d58-4b05-854a-64c75c6ccc3b\minecraft_overworld\0EA5F-0EA60.zip",""
"OK","149709","23/03/2026 12:04:58","C:\Users\evert\AppData\Roaming\.minecraft\modpacks\1f83bbfa-9b1b-3014-9381-ae7506ba9ccc\mods\Applied-Mekanistics-1.6.3.jar",""
"OK","154859","23/03/2026 12:04:09","C:\Users\evert\AppData\Roaming\.minecraft\modpacks\1f83bbfa-9b1b-3014-9381-ae7506ba9ccc\mods\IronJetpacks-1.21.1-8.0.11.jar",""
"OK","155537","23/03/2026 12:03:50","C:\Users\evert\AppData\Roaming\.minecraft\modpacks\1f83bbfa-9b1b-3014-9381-ae7506ba9ccc\mods\transfer_labels-0.1.7.jar",""
"OK","156588","23/03/2026 12:04:01","C:\Users\evert\AppData\Roaming\.minecraft\modpacks\1f83bbfa-9b1b-3014-9381-ae7506ba9ccc\mods\colorfulhearts-neoforge-1.21.1-10.5.9.jar",""
"OK","159182","23/03/2026 12:05:11","C:\Users\evert\AppData\Roaming\.minecraft\modpacks\1f83bbfa-9b1b-3014-9381-ae7506ba9ccc\mods\ExplorersCompass-1.21.1-3.0.3-neoforge.jar",""
"OK","159808","23/03/2026 12:04:42","C:\Users\evert\AppData\Roaming\.minecraft\modpacks\1f83bbfa-9b1b-3014-9381-ae7506ba9ccc\mods\trashcans-1.0.18c-neoforge-mc1.21.jar",""
"OK","160633","23/03/2026 12:04:47","C:\Users\evert\AppData\Roaming\.minecraft\modpacks\1f83bbfa-9b1b-3014-9381-ae7506ba9ccc\mods\refinedstorage-mekanism-integration-1.1.1.jar",""
"OK","165280","23/03/2026 12:04:20","C:\Users\evert\AppData\Roaming\.minecraft\modpacks\1f83bbfa-9b1b-3014-9381-ae7506ba9ccc\mods\Oh-The-Trees-Youll-Grow-neoforge-1.21.1-5.2.0.jar",""
"OK","167522","23/03/2026 12:04:47","C:\Users\evert\AppData\Roaming\.minecraft\modpacks\1f83bbfa-9b1b-3014-9381-ae7506ba9ccc\mods\JustEnoughMekanismMultiblocks-1.21.1-7.13.jar",""
"OK","169856","23/03/2026 12:02:52","C:\Users\evert\AppData\Roaming\.minecraft\modpacks\1f83bbfa-9b1b-3014-9381-ae7506ba9ccc\mods\experiencelib-1.21.1-1.2.1.jar",""
"OK","172759","23/03/2026 12:05:15","C:\Users\evert\AppData\Roaming\.minecraft\modpacks\1f83bbfa-9b1b-3014-9381-ae7506ba9ccc\mods\drippyloadingscreen_neoforge_3.1.0_MC_1.21.1.jar",""
"OK","174656","23/03/2026 12:03:52","C:\Users\evert\AppData\Roaming\.minecraft\modpacks\1f83bbfa-9b1b-3014-9381-ae7506ba9ccc\mods\baubley-heart-canisters-1.21.1-1.3.1.jar",""
"OK","174789","23/03/2026 12:02:59","C:\Users\evert\AppData\Roaming\.minecraft\modpacks\1f83bbfa-9b1b-3014-9381-ae7506ba9ccc\mods\YungsBetterWitchHuts-1.21.1-NeoForge-4.1.1.jar",""
"OK","174972","23/03/2026 12:02:48","C:\Users\evert\AppData\Roaming\.minecraft\modpacks\1f83bbfa-9b1b-3014-9381-ae7506ba9ccc\mods\polymorph-neoforge-1.1.0+1.21.1.jar",""
"OK","176935","23/03/2026 12:04:03","C:\Users\evert\AppData\Roaming\.minecraft\modpacks\1f83bbfa-9b1b-3014-9381-ae7506ba9ccc\mods\ftb-ultimine-neoforge-2101.1.13.jar",""
"OK","177517","23/03/2026 12:03:46","C:\Users\evert\AppData\Roaming\.minecraft\modpacks\1f83bbfa-9b1b-3014-9381-ae7506ba9ccc\mods\rechiseled_chipped-2.0-1.21.1.jar",""
"OK","179454","23/03/2026 12:03:31","C:\Users\evert\AppData\Roaming\.minecraft\modpacks\1f83bbfa-9b1b-3014-9381-ae7506ba9ccc\mods\DimStorage-1.21.1-9.1.1.jar",""
"OK","179499","23/03/2026 12:05:07","C:\Users\evert\AppData\Roaming\.minecraft\modpacks\1f83bbfa-9b1b-3014-9381-ae7506ba9ccc\mods\monolib-neoforge-1.21.1-2.1.0.jar",""
"OK","181277","23/03/2026 12:04:57","C:\Users\evert\AppData\Roaming\.minecraft\modpacks\1f83bbfa-9b1b-3014-9381-ae7506ba9ccc\mods\valhelsia_core-neoforge-1.21.1-1.1.5.jar",""
"OK","182912","25/03/2026 01:57:58","C:\Users\evert\AppData\Roaming\.minecraft\modpacks\1f83bbfa-9b1b-3014-9381-ae7506ba9ccc\local\ftbchunks\data\965fc066-d775-4742-b778-635dac9583b3\minecraft_overworld\0EA60-0EA60.zip",""
"OK","183435","23/03/2026 12:04:36","C:\Users\evert\AppData\Roaming\.minecraft\modpacks\1f83bbfa-9b1b-3014-9381-ae7506ba9ccc\mods\merequester-neoforge-1.21.1-1.4.1.jar",""
"OK","190861","23/03/2026 12:05:02","C:\Users\evert\AppData\Roaming\.minecraft\modpacks\1f83bbfa-9b1b-3014-9381-ae7506ba9ccc\mods\ae2importexportcard-1.21.1-1.4.3.jar",""
"OK","191190","23/03/2026 12:02:54","C:\Users\evert\AppData\Roaming\.minecraft\modpacks\1f83bbfa-9b1b-3014-9381-ae7506ba9ccc\mods\elevatorid-neoforge-1.21.1-1.11.4.jar",""
"OK","193480","26/03/2026 00:33:52","C:\Users\evert\AppData\Roaming\.minecraft\modpacks\1f83bbfa-9b1b-3014-9381-ae7506ba9ccc\local\ftbchunks\data\a2357681-5d58-4b05-854a-64c75c6ccc3b\minecraft_overworld\0EA5D-0EA60.zip",""
"OK","193619","23/03/2026 12:02:40","C:\Users\evert\AppData\Roaming\.minecraft\modpacks\1f83bbfa-9b1b-3014-9381-ae7506ba9ccc\mods\bellsandwhistles-0.4.7-1.21.1.jar",""
"OK","196660","25/03/2026 01:58:45","C:\Users\evert\AppData\Roaming\.minecraft\modpacks\1f83bbfa-9b1b-3014-9381-ae7506ba9ccc\local\ftbchunks\data\965fc066-d775-4742-b778-635dac9583b3\minecraft_overworld\0EA5F-0EA5F.zip",""
"OK","198183","23/03/2026 12:04:08","C:\Users\evert\AppData\Roaming\.minecraft\modpacks\1f83bbfa-9b1b-3014-9381-ae7506ba9ccc\mods\YungsExtras-1.21.1-NeoForge-5.1.1.jar",""
"OK","199979","23/03/2026 12:05:19","C:\Users\evert\AppData\Roaming\.minecraft\modpacks\1f83bbfa-9b1b-3014-9381-ae7506ba9ccc\mods\laserbridges-1.21.1-neoforge-5.3.jar",""
"OK","201142","23/03/2026 12:04:44","C:\Users\evert\AppData\Roaming\.minecraft\modpacks\1f83bbfa-9b1b-3014-9381-ae7506ba9ccc\mods\ftbquestslangsplitter-1.0.5.jar",""
"OK","203149","23/03/2026 12:03:32","C:\Users\evert\AppData\Roaming\.minecraft\modpacks\1f83bbfa-9b1b-3014-9381-ae7506ba9ccc\mods\player-animation-lib-forge-2.0.4+1.21.1.jar",""
"OK","205348","25/03/2026 01:58:45","C:\Users\evert\AppData\Roaming\.minecraft\modpacks\1f83bbfa-9b1b-3014-9381-ae7506ba9ccc\local\ftbchunks\data\965fc066-d775-4742-b778-635dac9583b3\minecraft_overworld\0EA60-0EA5F.zip",""
"OK","206773","23/03/2026 12:04:48","C:\Users\evert\AppData\Roaming\.minecraft\modpacks\1f83bbfa-9b1b-3014-9381-ae7506ba9ccc\mods\colorwheel_patcher-neoforge-1.0.4+mc1.21.1.jar",""
"OK","207514","23/03/2026 12:05:19","C:\Users\evert\AppData\Roaming\.minecraft\modpacks\1f83bbfa-9b1b-3014-9381-ae7506ba9ccc\mods\supermartijn642configlib-1.1.8-neoforge-mc1.21.jar",""
"OK","209459","23/03/2026 12:04:56","C:\Users\evert\AppData\Roaming\.minecraft\modpacks\1f83bbfa-9b1b-3014-9381-ae7506ba9ccc\mods\ftb-essentials-neoforge-2101.1.9.jar",""
"OK","211671","23/03/2026 12:05:14","C:\Users\evert\AppData\Roaming\.minecraft\modpacks\1f83bbfa-9b1b-3014-9381-ae7506ba9ccc\mods\ftb-filter-system-neoforge-21.1.4.jar",""
"OK","211972","23/03/2026 12:05:14","C:\Users\evert\AppData\Roaming\.minecraft\modpacks\1f83bbfa-9b1b-3014-9381-ae7506ba9ccc\mods\netherportalfix-neoforge-1.21.1-21.1.1.jar",""
"OK","213661","23/03/2026 12:05:10","C:\Users\evert\AppData\Roaming\.minecraft\modpacks\1f83bbfa-9b1b-3014-9381-ae7506ba9ccc\mods\rebind_narrator-1.21.1-neoforge-2025.12.23.jar",""
"OK","213853","23/03/2026 12:03:32","C:\Users\evert\AppData\Roaming\.minecraft\modpacks\1f83bbfa-9b1b-3014-9381-ae7506ba9ccc\mods\Iceberg-1.21.1-neoforge-1.3.2.jar",""
"OK","214296","23/03/2026 12:05:13","C:\Users\evert\AppData\Roaming\.minecraft\modpacks\1f83bbfa-9b1b-3014-9381-ae7506ba9ccc\mods\utilityvest-1.2.5.jar",""
"OK","216604","23/03/2026 12:03:51","C:\Users\evert\AppData\Roaming\.minecraft\modpacks\1f83bbfa-9b1b-3014-9381-ae7506ba9ccc\mods\ToolBelt-1.21.1-2.2.7.jar",""
"OK","216873","23/03/2026 12:04:37","C:\Users\evert\AppData\Roaming\.minecraft\modpacks\1f83bbfa-9b1b-3014-9381-ae7506ba9ccc\mods\NaturesCompass-1.21.1-3.0.3-neoforge.jar",""
"OK","216980","23/03/2026 12:05:22","C:\Users\evert\AppData\Roaming\.minecraft\modpacks\1f83bbfa-9b1b-3014-9381-ae7506ba9ccc\mods\potionsmaster-21.1.113-1.0.1.jar",""
"OK","217973","23/03/2026 12:03:54","C:\Users\evert\AppData\Roaming\.minecraft\modpacks\1f83bbfa-9b1b-3014-9381-ae7506ba9ccc\mods\pylons-1.21.1-5.4.2.jar",""
"OK","218920","23/03/2026 12:02:26","C:\Users\evert\AppData\Roaming\.minecraft\modpacks\1f83bbfa-9b1b-3014-9381-ae7506ba9ccc\mods\dummmmmmy-1.21-2.0.11-neoforge.jar",""
"OK","225310","23/03/2026 12:02:32","C:\Users\evert\AppData\Roaming\.minecraft\modpacks\1f83bbfa-9b1b-3014-9381-ae7506ba9ccc\mods\crashutilities-9.0.4.jar",""
"OK","240791","23/03/2026 12:03:25","C:\Users\evert\AppData\Roaming\.minecraft\modpacks\1f83bbfa-9b1b-3014-9381-ae7506ba9ccc\mods\CTM-1.21-1.2.1+3.jar",""
"OK","241257","23/03/2026 12:03:53","C:\Users\evert\AppData\Roaming\.minecraft\modpacks\1f83bbfa-9b1b-3014-9381-ae7506ba9ccc\mods\villagesandpillages-neoforge-mc1.21.1-1.0.3.jar",""
"OK","242235","23/03/2026 12:04:27","C:\Users\evert\AppData\Roaming\.minecraft\modpacks\1f83bbfa-9b1b-3014-9381-ae7506ba9ccc\mods\ae2wtlib-19.4.1.jar",""
"OK","248261","23/03/2026 12:02:58","C:\Users\evert\AppData\Roaming\.minecraft\modpacks\1f83bbfa-9b1b-3014-9381-ae7506ba9ccc\mods\mekanisticrouters-1.2.0.jar",""
"OK","250067","23/03/2026 12:02:24","C:\Users\evert\AppData\Roaming\.minecraft\modpacks\1f83bbfa-9b1b-3014-9381-ae7506ba9ccc\mods\moogs_structures-1.1.0-1.21-1.21.1-neoforge.jar",""
"OK","255939","23/03/2026 12:02:50","C:\Users\evert\AppData\Roaming\.minecraft\modpacks\1f83bbfa-9b1b-3014-9381-ae7506ba9ccc\mods\craftingtweaks-neoforge-1.21.1-21.1.7.jar",""
"OK","262932","23/03/2026 12:02:44","C:\Users\evert\AppData\Roaming\.minecraft\modpacks\1f83bbfa-9b1b-3014-9381-ae7506ba9ccc\mods\ConstructionSticks-1.21.1-1.3.0.jar",""
"OK","264089","23/03/2026 12:02:57","C:\Users\evert\AppData\Roaming\.minecraft\modpacks\1f83bbfa-9b1b-3014-9381-ae7506ba9ccc\mods\EnderStorage-1.21.1-2.13.0.191.jar",""
"OK","264788","23/03/2026 12:03:36","C:\Users\evert\AppData\Roaming\.minecraft\modpacks\1f83bbfa-9b1b-3014-9381-ae7506ba9ccc\mods\pocketstorage-1.2.5+1.21.1-b3.jar",""
"OK","268974","23/03/2026 12:03:32","C:\Users\evert\AppData\Roaming\.minecraft\modpacks\1f83bbfa-9b1b-3014-9381-ae7506ba9ccc\mods\chromacarvings-1.21.1-0.2.0.jar",""
"OK","270217","23/03/2026 12:02:35","C:\Users\evert\AppData\Roaming\.minecraft\modpacks\1f83bbfa-9b1b-3014-9381-ae7506ba9ccc\mods\ExtremeSoundMuffler-3.55_NeoForge-1.21.jar",""
"OK","275523","23/03/2026 12:04:14","C:\Users\evert\AppData\Roaming\.minecraft\modpacks\1f83bbfa-9b1b-3014-9381-ae7506ba9ccc\mods\Cucumber-1.21.1-8.0.15.jar",""
"OK","278395","23/03/2026 12:04:58","C:\Users\evert\AppData\Roaming\.minecraft\modpacks\1f83bbfa-9b1b-3014-9381-ae7506ba9ccc\mods\jupiter-2.3.6-1.21.1-neoforge.jar",""
"OK","280750","23/03/2026 12:04:29","C:\Users\evert\AppData\Roaming\.minecraft\modpacks\1f83bbfa-9b1b-3014-9381-ae7506ba9ccc\mods\commoncapabilities-1.21.1-neoforge-2.11.3-322.jar",""
"OK","282058","23/03/2026 12:02:45","C:\Users\evert\AppData\Roaming\.minecraft\modpacks\1f83bbfa-9b1b-3014-9381-ae7506ba9ccc\mods\UndergroundVillages-neoforge-1.21.1-4.0.3.jar",""
"OK","287525","23/03/2026 12:03:06","C:\Users\evert\AppData\Roaming\.minecraft\modpacks\1f83bbfa-9b1b-3014-9381-ae7506ba9ccc\mods\formations-1.0.4-neoforge-mc1.21.jar",""
"OK","291847","23/03/2026 12:05:11","C:\Users\evert\AppData\Roaming\.minecraft\modpacks\1f83bbfa-9b1b-3014-9381-ae7506ba9ccc\mods\ftb-teams-neoforge-2101.1.9.jar",""
"OK","293343","23/03/2026 12:05:12","C:\Users\evert\AppData\Roaming\.minecraft\modpacks\1f83bbfa-9b1b-3014-9381-ae7506ba9ccc\mods\almostunified-neoforge-1.21.1-1.3.0.jar",""
"OK","306197","23/03/2026 12:02:56","C:\Users\evert\AppData\Roaming\.minecraft\modpacks\1f83bbfa-9b1b-3014-9381-ae7506ba9ccc\mods\disenchanting_table-merged-1.21.1-5.0.2.jar",""
"OK","306668","23/03/2026 12:02:53","C:\Users\evert\AppData\Roaming\.minecraft\modpacks\1f83bbfa-9b1b-3014-9381-ae7506ba9ccc\mods\NoChatReports-NEOFORGE-1.21.1-v2.9.1.jar",""
"OK","310185","23/03/2026 12:03:59","C:\Users\evert\AppData\Roaming\.minecraft\modpacks\1f83bbfa-9b1b-3014-9381-ae7506ba9ccc\mods\Corgilib-NeoForge-1.21.1-5.0.0.7.jar",""
"OK","314269","23/03/2026 12:02:59","C:\Users\evert\AppData\Roaming\.minecraft\modpacks\1f83bbfa-9b1b-3014-9381-ae7506ba9ccc\mods\ApothicAttributes-1.21.1-2.9.1.jar",""
"OK","315836","23/03/2026 12:02:33","C:\Users\evert\AppData\Roaming\.minecraft\modpacks\1f83bbfa-9b1b-3014-9381-ae7506ba9ccc\mods\wirelesschargers-1.0.9a-neoforge-mc1.21.jar",""
"OK","316368","23/03/2026 12:05:04","C:\Users\evert\AppData\Roaming\.minecraft\modpacks\1f83bbfa-9b1b-3014-9381-ae7506ba9ccc\mods\ars_controle-1.21.1-1.6.15.jar",""
"OK","317025","23/03/2026 12:04:35","C:\Users\evert\AppData\Roaming\.minecraft\modpacks\1f83bbfa-9b1b-3014-9381-ae7506ba9ccc\mods\enderdrives-neoforge-1.21.1-1.4.4.jar",""
"OK","317127","23/03/2026 12:02:47","C:\Users\evert\AppData\Roaming\.minecraft\modpacks\1f83bbfa-9b1b-3014-9381-ae7506ba9ccc\mods\MysticalAgradditions-1.21.1-8.0.12.jar",""
"OK","323604","23/03/2026 12:02:54","C:\Users\evert\AppData\Roaming\.minecraft\modpacks\1f83bbfa-9b1b-3014-9381-ae7506ba9ccc\mods\HostileNeuralNetworks-1.21.1-6.3.0.jar",""
"OK","324056","23/03/2026 12:04:58","C:\Users\evert\AppData\Roaming\.minecraft\modpacks\1f83bbfa-9b1b-3014-9381-ae7506ba9ccc\mods\Placebo-1.21.1-9.9.1.jar",""
"OK","328813","23/03/2026 12:04:07","C:\Users\evert\AppData\Roaming\.minecraft\modpacks\1f83bbfa-9b1b-3014-9381-ae7506ba9ccc\mods\bookshelf-neoforge-1.21.1-21.1.81.jar",""
"OK","337796","23/03/2026 12:02:26","C:\Users\evert\AppData\Roaming\.minecraft\modpacks\1f83bbfa-9b1b-3014-9381-ae7506ba9ccc\mods\AppliedFlux-1.21-2.1.4-neoforge.jar",""
"OK","341009","23/03/2026 12:04:31","C:\Users\evert\AppData\Roaming\.minecraft\modpacks\1f83bbfa-9b1b-3014-9381-ae7506ba9ccc\mods\resourcefulconfig-neoforge-1.21-3.0.11.jar",""
"OK","343038","23/03/2026 12:02:53","C:\Users\evert\AppData\Roaming\.minecraft\modpacks\1f83bbfa-9b1b-3014-9381-ae7506ba9ccc\mods\ExtraDisks-1.21.1-4.0.14.jar",""
"OK","347280","23/03/2026 12:04:19","C:\Users\evert\AppData\Roaming\.minecraft\modpacks\1f83bbfa-9b1b-3014-9381-ae7506ba9ccc\mods\incontrol-1.21-10.2.6.jar",""
"OK","355748","23/03/2026 12:04:10","C:\Users\evert\AppData\Roaming\.minecraft\modpacks\1f83bbfa-9b1b-3014-9381-ae7506ba9ccc\mods\Nullscape_1.21.x_v1.2.14.jar",""
"OK","362983","23/03/2026 12:02:36","C:\Users\evert\AppData\Roaming\.minecraft\modpacks\1f83bbfa-9b1b-3014-9381-ae7506ba9ccc\mods\nolijium-0.5.6.jar",""
"OK","368598","23/03/2026 12:02:48","C:\Users\evert\AppData\Roaming\.minecraft\modpacks\1f83bbfa-9b1b-3014-9381-ae7506ba9ccc\mods\ImmediatelyFast-NeoForge-1.6.10+1.21.1.jar",""
"OK","372917","23/03/2026 12:02:42","C:\Users\evert\AppData\Roaming\.minecraft\modpacks\1f83bbfa-9b1b-3014-9381-ae7506ba9ccc\mods\colorwheel-neoforge-1.2.1+mc1.21.1.jar",""
"OK","375904","23/03/2026 12:03:00","C:\Users\evert\AppData\Roaming\.minecraft\modpacks\1f83bbfa-9b1b-3014-9381-ae7506ba9ccc\mods\allthearcanistgear-1.21.1-21.3.2.jar",""
"OK","377546","23/03/2026 12:02:53","C:\Users\evert\AppData\Roaming\.minecraft\modpacks\1f83bbfa-9b1b-3014-9381-ae7506ba9ccc\mods\integratedcrafting-1.21.1-neoforge-1.4.4-514.jar",""
"OK","384123","23/03/2026 12:03:05","C:\Users\evert\AppData\Roaming\.minecraft\modpacks\1f83bbfa-9b1b-3014-9381-ae7506ba9ccc\mods\ExtraStorage-1.21.1-5.0.8.jar",""
"OK","387334","23/03/2026 12:02:27","C:\Users\evert\AppData\Roaming\.minecraft\modpacks\1f83bbfa-9b1b-3014-9381-ae7506ba9ccc\mods\framework-neoforge-1.21.1-0.13.11.jar",""
"OK","388133","23/03/2026 12:03:56","C:\Users\evert\AppData\Roaming\.minecraft\modpacks\1f83bbfa-9b1b-3014-9381-ae7506ba9ccc\mods\observable-5.4.4.jar",""
"OK","388678","23/03/2026 12:02:44","C:\Users\evert\AppData\Roaming\.minecraft\modpacks\1f83bbfa-9b1b-3014-9381-ae7506ba9ccc\mods\YungsApi-1.21.1-NeoForge-5.1.6.jar",""
"OK","391053","23/03/2026 12:03:29","C:\Users\evert\AppData\Roaming\.minecraft\modpacks\1f83bbfa-9b1b-3014-9381-ae7506ba9ccc\mods\SmartBrainLib-neoforge-1.21.1-1.16.11.jar",""
"OK","392219","23/03/2026 12:02:24","C:\Users\evert\AppData\Roaming\.minecraft\modpacks\1f83bbfa-9b1b-3014-9381-ae7506ba9ccc\mods\sophisticatedstorageinmotion-1.21.1-0.10.26.181.jar",""
"OK","396201","23/03/2026 12:05:13","C:\Users\evert\AppData\Roaming\.minecraft\modpacks\1f83bbfa-9b1b-3014-9381-ae7506ba9ccc\mods\rftoolsstorage-1.21-6.0.4.jar",""
"OK","397687","23/03/2026 12:03:30","C:\Users\evert\AppData\Roaming\.minecraft\modpacks\1f83bbfa-9b1b-3014-9381-ae7506ba9ccc\mods\generatorgalore-1.21.1-1.6.3.jar",""
"OK","398130","23/03/2026 12:04:47","C:\Users\evert\AppData\Roaming\.minecraft\modpacks\1f83bbfa-9b1b-3014-9381-ae7506ba9ccc\mods\YungsBetterEndIsland-1.21.1-NeoForge-3.1.2.jar",""
"OK","402680","23/03/2026 12:02:46","C:\Users\evert\AppData\Roaming\.minecraft\modpacks\1f83bbfa-9b1b-3014-9381-ae7506ba9ccc\resourcepacks\MakeUp-UltraFast-9.4c.zip",""
"OK","410690","23/03/2026 12:04:00","C:\Users\evert\AppData\Roaming\.minecraft\modpacks\1f83bbfa-9b1b-3014-9381-ae7506ba9ccc\mods\curios-neoforge-9.5.1+1.21.1.jar",""
"OK","410948","23/03/2026 12:03:39","C:\Users\evert\AppData\Roaming\.minecraft\modpacks\1f83bbfa-9b1b-3014-9381-ae7506ba9ccc\mods\cobweb-neoforge-1.21-1.4.0.jar",""
"OK","421764","23/03/2026 12:04:04","C:\Users\evert\AppData\Roaming\.minecraft\modpacks\1f83bbfa-9b1b-3014-9381-ae7506ba9ccc\mods\kubejstweaks-1.0.6.jar",""
"OK","422250","23/03/2026 12:03:47","C:\Users\evert\AppData\Roaming\.minecraft\modpacks\1f83bbfa-9b1b-3014-9381-ae7506ba9ccc\mods\create_hypertube-0.4.0-NEOFORGE.jar",""
"OK","422658","23/03/2026 12:04:48","C:\Users\evert\AppData\Roaming\.minecraft\modpacks\1f83bbfa-9b1b-3014-9381-ae7506ba9ccc\mods\comforts-neoforge-9.0.5+1.21.1.jar",""
"OK","434372","23/03/2026 12:05:21","C:\Users\evert\AppData\Roaming\.minecraft\modpacks\1f83bbfa-9b1b-3014-9381-ae7506ba9ccc\mods\occultism_kubejs-1.21.1-neoforge-1.11.0.jar",""
"OK","437906","23/03/2026 12:03:53","C:\Users\evert\AppData\Roaming\.minecraft\modpacks\1f83bbfa-9b1b-3014-9381-ae7506ba9ccc\mods\ae2ct-1.21.1-1.1.1.jar",""
"OK","446672","23/03/2026 12:03:58","C:\Users\evert\AppData\Roaming\.minecraft\modpacks\1f83bbfa-9b1b-3014-9381-ae7506ba9ccc\mods\pipez-neoforge-1.21.1-1.2.19.jar",""
"OK","451470","23/03/2026 12:04:01","C:\Users\evert\AppData\Roaming\.minecraft\modpacks\1f83bbfa-9b1b-3014-9381-ae7506ba9ccc\mods\rarcompat-1.21-0.9.7.jar",""
"OK","456649","23/03/2026 12:02:24","C:\Users\evert\AppData\Roaming\.minecraft\modpacks\1f83bbfa-9b1b-3014-9381-ae7506ba9ccc\mods\easy-villagers-neoforge-1.21.1-1.1.41.jar",""
"OK","461244","23/03/2026 12:05:11","C:\Users\evert\AppData\Roaming\.minecraft\modpacks\1f83bbfa-9b1b-3014-9381-ae7506ba9ccc\mods\YungsBetterStrongholds-1.21.1-NeoForge-5.1.3.jar",""
"OK","463720","23/03/2026 12:05:20","C:\Users\evert\AppData\Roaming\.minecraft\modpacks\1f83bbfa-9b1b-3014-9381-ae7506ba9ccc\mods\rftoolsbase-1.21-6.0.10.jar",""
"OK","468044","23/03/2026 12:04:15","C:\Users\evert\AppData\Roaming\.minecraft\modpacks\1f83bbfa-9b1b-3014-9381-ae7506ba9ccc\mods\blockui-1.0.210-1.21.1-snapshot.jar",""
"OK","484332","23/03/2026 12:04:40","C:\Users\evert\AppData\Roaming\.minecraft\modpacks\1f83bbfa-9b1b-3014-9381-ae7506ba9ccc\mods\resourcefullib-neoforge-1.21-3.0.12.jar",""
"OK","491655","23/03/2026 12:04:31","C:\Users\evert\AppData\Roaming\.minecraft\modpacks\1f83bbfa-9b1b-3014-9381-ae7506ba9ccc\mods\Structory_Towers_1.21.x_v1.0.15.jar",""
"OK","493967","23/03/2026 12:05:21","C:\Users\evert\AppData\Roaming\.minecraft\modpacks\1f83bbfa-9b1b-3014-9381-ae7506ba9ccc\mods\YungsBetterMineshafts-1.21.1-NeoForge-5.1.1.jar",""
"OK","496713","23/03/2026 12:04:26","C:\Users\evert\AppData\Roaming\.minecraft\modpacks\1f83bbfa-9b1b-3014-9381-ae7506ba9ccc\mods\expandedae-2.1.1.jar",""
"OK","498852","23/03/2026 12:04:12","C:\Users\evert\AppData\Roaming\.minecraft\modpacks\1f83bbfa-9b1b-3014-9381-ae7506ba9ccc\mods\modernfix-neoforge-5.26.1+mc1.21.1.jar",""
"OK","500565","06/03/2026 23:01:34","C:\Users\evert\AppData\Roaming\.minecraft\modpacks\1f83bbfa-9b1b-3014-9381-ae7506ba9ccc\config\ftbquests\quests\lang\id_id.zip",""
"OK","507443","23/03/2026 12:04:12","C:\Users\evert\AppData\Roaming\.minecraft\modpacks\1f83bbfa-9b1b-3014-9381-ae7506ba9ccc\mods\OctoLib-NEOFORGE-0.6.0.4+1.21.jar",""
"OK","513816","23/03/2026 12:03:50","C:\Users\evert\AppData\Roaming\.minecraft\modpacks\1f83bbfa-9b1b-3014-9381-ae7506ba9ccc\mods\redstonepen-1.21-neoforge-1.11.42.jar",""
"OK","514194","23/03/2026 12:02:27","C:\Users\evert\AppData\Roaming\.minecraft\modpacks\1f83bbfa-9b1b-3014-9381-ae7506ba9ccc\mods\additional_lights-neoforge-1.21-2.1.10.jar",""
"OK","520884","23/03/2026 12:02:29","C:\Users\evert\AppData\Roaming\.minecraft\modpacks\1f83bbfa-9b1b-3014-9381-ae7506ba9ccc\mods\MekanismTools-1.21.1-10.7.18.84.jar",""
"OK","521504","23/03/2026 12:02:32","C:\Users\evert\AppData\Roaming\.minecraft\modpacks\1f83bbfa-9b1b-3014-9381-ae7506ba9ccc\mods\sawmill-1.21-1.7.2-neoforge.jar",""
"OK","522970","23/03/2026 12:04:34","C:\Users\evert\AppData\Roaming\.minecraft\modpacks\1f83bbfa-9b1b-3014-9381-ae7506ba9ccc\resourcepacks\ComplementaryReimagined_r5.7.1.zip",""
"OK","522973","23/03/2026 12:03:53","C:\Users\evert\AppData\Roaming\.minecraft\modpacks\1f83bbfa-9b1b-3014-9381-ae7506ba9ccc\resourcepacks\ComplementaryUnbound_r5.7.1.zip",""
"OK","524489","23/03/2026 12:04:37","C:\Users\evert\AppData\Roaming\.minecraft\modpacks\1f83bbfa-9b1b-3014-9381-ae7506ba9ccc\mods\dysoncubeproject-1.0.2.jar",""
"OK","525744","23/03/2026 12:04:14","C:\Users\evert\AppData\Roaming\.minecraft\modpacks\1f83bbfa-9b1b-3014-9381-ae7506ba9ccc\mods\mcw-lights-1.1.5-mc1.21.1neoforge.jar",""
"OK","527142","23/03/2026 12:02:51","C:\Users\evert\AppData\Roaming\.minecraft\modpacks\1f83bbfa-9b1b-3014-9381-ae7506ba9ccc\mods\ModularBees-1.21.1-2.9-neoforge.jar",""
"OK","529082","23/03/2026 12:02:24","C:\Users\evert\AppData\Roaming\.minecraft\modpacks\1f83bbfa-9b1b-3014-9381-ae7506ba9ccc\mods\mcw-mcwstairs-1.0.2-mc1.21.1neoforge.jar",""
"OK","532912","23/03/2026 12:05:22","C:\Users\evert\AppData\Roaming\.minecraft\modpacks\1f83bbfa-9b1b-3014-9381-ae7506ba9ccc\mods\fusion-1.2.12-neoforge-mc1.21.1.jar",""
"OK","535669","23/03/2026 12:04:52","C:\Users\evert\AppData\Roaming\.minecraft\modpacks\1f83bbfa-9b1b-3014-9381-ae7506ba9ccc\mods\morered-1.21.1-6.0.0.3.jar",""
"OK","535938","23/03/2026 12:05:17","C:\Users\evert\AppData\Roaming\.minecraft\modpacks\1f83bbfa-9b1b-3014-9381-ae7506ba9ccc\mods\FluxNetworks-1.21.1-8.0.0.jar",""
"OK","536829","23/03/2026 12:05:12","C:\Users\evert\AppData\Roaming\.minecraft\modpacks\1f83bbfa-9b1b-3014-9381-ae7506ba9ccc\mods\alltheleaks-1.1.7+1.21.1-neoforge.jar",""
"OK","539899","23/03/2026 12:05:16","C:\Users\evert\AppData\Roaming\.minecraft\modpacks\1f83bbfa-9b1b-3014-9381-ae7506ba9ccc\mods\cristellib-neoforge-1.21.1-3.0.3.jar",""
"OK","558373","23/03/2026 12:03:40","C:\Users\evert\AppData\Roaming\.minecraft\modpacks\1f83bbfa-9b1b-3014-9381-ae7506ba9ccc\mods\supermartijn642corelib-1.1.20-neoforge-mc1.21.jar",""
"OK","566735","23/03/2026 12:04:43","C:\Users\evert\AppData\Roaming\.minecraft\modpacks\1f83bbfa-9b1b-3014-9381-ae7506ba9ccc\mods\not_enough_glyphs-1.21.1-4.2.8.jar",""
"OK","567855","23/03/2026 12:02:26","C:\Users\evert\AppData\Roaming\.minecraft\modpacks\1f83bbfa-9b1b-3014-9381-ae7506ba9ccc\mods\monocle-0.2.3.ms.jar",""
"OK","570057","23/03/2026 12:02:52","C:\Users\evert\AppData\Roaming\.minecraft\modpacks\1f83bbfa-9b1b-3014-9381-ae7506ba9ccc\mods\yeetusexperimentus-neoforge-87.0.0.jar",""
"OK","572870","23/03/2026 12:03:58","C:\Users\evert\AppData\Roaming\.minecraft\modpacks\1f83bbfa-9b1b-3014-9381-ae7506ba9ccc\mods\mcw-trapdoors-1.1.5-mc1.21.1neoforge.jar",""
"OK","576866","23/03/2026 12:04:53","C:\Users\evert\AppData\Roaming\.minecraft\modpacks\1f83bbfa-9b1b-3014-9381-ae7506ba9ccc\mods\ironfurnaces-neoforge-1.21.1-4.3.2.jar",""
"OK","579946","23/03/2026 12:05:19","C:\Users\evert\AppData\Roaming\.minecraft\modpacks\1f83bbfa-9b1b-3014-9381-ae7506ba9ccc\mods\rftoolspower-1.21-7.0.5.jar",""
"OK","581988","23/03/2026 12:04:07","C:\Users\evert\AppData\Roaming\.minecraft\modpacks\1f83bbfa-9b1b-3014-9381-ae7506ba9ccc\mods\HellishTrials-neoforge-1.0.5.jar",""
"OK","584004","23/03/2026 12:03:33","C:\Users\evert\AppData\Roaming\.minecraft\modpacks\1f83bbfa-9b1b-3014-9381-ae7506ba9ccc\mods\architectury-13.0.8-neoforge.jar",""
"OK","605678","23/03/2026 12:05:17","C:\Users\evert\AppData\Roaming\.minecraft\modpacks\1f83bbfa-9b1b-3014-9381-ae7506ba9ccc\mods\Aquaculture-1.21.1-2.7.18.jar",""
"OK","605755","23/03/2026 12:02:57","C:\Users\evert\AppData\Roaming\.minecraft\modpacks\1f83bbfa-9b1b-3014-9381-ae7506ba9ccc\mods\titanium-1.21-4.0.42.jar",""
"OK","609288","23/03/2026 12:05:15","C:\Users\evert\AppData\Roaming\.minecraft\modpacks\1f83bbfa-9b1b-3014-9381-ae7506ba9ccc\mods\xnet-1.21-7.0.6.jar",""
"OK","609639","23/03/2026 12:02:51","C:\Users\evert\AppData\Roaming\.minecraft\modpacks\1f83bbfa-9b1b-3014-9381-ae7506ba9ccc\mods\YungsBetterNetherFortresses-1.21.1-NeoForge-3.1.5.jar",""
"OK","611679","23/03/2026 12:02:57","C:\Users\evert\AppData\Roaming\.minecraft\modpacks\1f83bbfa-9b1b-3014-9381-ae7506ba9ccc\mods\utilitarian-1.21.1-0.18.1.jar",""
"OK","618842","23/03/2026 12:04:19","C:\Users\evert\AppData\Roaming\.minecraft\modpacks\1f83bbfa-9b1b-3014-9381-ae7506ba9ccc\mods\konkrete_neoforge_1.9.9_MC_1.21.jar",""
"OK","620493","23/03/2026 12:02:39","C:\Users\evert\AppData\Roaming\.minecraft\modpacks\1f83bbfa-9b1b-3014-9381-ae7506ba9ccc\mods\everythingcopper-1.21.1-2.4.5.jar",""
"OK","622582","23/03/2026 12:03:33","C:\Users\evert\AppData\Roaming\.minecraft\modpacks\1f83bbfa-9b1b-3014-9381-ae7506ba9ccc\mods\geckolib-neoforge-1.21.1-4.8.4.jar",""
"OK","624587","23/03/2026 12:02:24","C:\Users\evert\AppData\Roaming\.minecraft\modpacks\1f83bbfa-9b1b-3014-9381-ae7506ba9ccc\mods\sgearmetalworks-1.21.1-1.4.6.jar",""
"OK","635746","23/03/2026 12:05:04","C:\Users\evert\AppData\Roaming\.minecraft\modpacks\1f83bbfa-9b1b-3014-9381-ae7506ba9ccc\mods\RootsClassic-1.21.1-1.5.6.jar",""
"OK","642340","23/03/2026 12:04:56","C:\Users\evert\AppData\Roaming\.minecraft\modpacks\1f83bbfa-9b1b-3014-9381-ae7506ba9ccc\mods\ftb-chunks-neoforge-2101.1.14.jar",""
"OK","644935","23/03/2026 12:02:55","C:\Users\evert\AppData\Roaming\.minecraft\modpacks\1f83bbfa-9b1b-3014-9381-ae7506ba9ccc\mods\create-dragons-plus-1.8.7.jar",""
"OK","646451","23/03/2026 12:03:46","C:\Users\evert\AppData\Roaming\.minecraft\modpacks\1f83bbfa-9b1b-3014-9381-ae7506ba9ccc\mods\GatewaysToEternity-1.21.1-5.1.0.jar",""
"OK","646486","23/03/2026 12:03:47","C:\Users\evert\AppData\Roaming\.minecraft\modpacks\1f83bbfa-9b1b-3014-9381-ae7506ba9ccc\mods\Patchouli-1.21.1-92-NEOFORGE.jar",""
"OK","649502","23/03/2026 12:04:39","C:\Users\evert\AppData\Roaming\.minecraft\modpacks\1f83bbfa-9b1b-3014-9381-ae7506ba9ccc\mods\storagedelight-25.12.09-1.21-neoforge.jar",""
"OK","651343","23/03/2026 12:02:27","C:\Users\evert\AppData\Roaming\.minecraft\modpacks\1f83bbfa-9b1b-3014-9381-ae7506ba9ccc\mods\integratedterminals-1.21.1-neoforge-1.6.25-716.jar",""
"OK","661387","23/03/2026 12:05:12","C:\Users\evert\AppData\Roaming\.minecraft\modpacks\1f83bbfa-9b1b-3014-9381-ae7506ba9ccc\mods\mcw-bridges-3.1.2-mc1.21.1neoforge.jar",""
"OK","663946","23/03/2026 12:03:00","C:\Users\evert\AppData\Roaming\.minecraft\modpacks\1f83bbfa-9b1b-3014-9381-ae7506ba9ccc\mods\mininggadgets-1.18.6.jar",""
"OK","673871","23/03/2026 12:04:17","C:\Users\evert\AppData\Roaming\.minecraft\modpacks\1f83bbfa-9b1b-3014-9381-ae7506ba9ccc\mods\mcw-mcwfences-1.2.1-mc1.21.1neoforge.jar",""
"OK","682625","23/03/2026 12:02:41","C:\Users\evert\AppData\Roaming\.minecraft\modpacks\1f83bbfa-9b1b-3014-9381-ae7506ba9ccc\mods\integratedtunnels-1.21.1-neoforge-1.9.3-600.jar",""
"OK","683005","23/03/2026 12:02:43","C:\Users\evert\AppData\Roaming\.minecraft\modpacks\1f83bbfa-9b1b-3014-9381-ae7506ba9ccc\mods\create-enchantment-industry-2.3.0.jar",""
"OK","683494","23/03/2026 12:02:31","C:\Users\evert\AppData\Roaming\.minecraft\modpacks\1f83bbfa-9b1b-3014-9381-ae7506ba9ccc\mods\Glassential-renewed-1.21.1-3.4.1.jar",""
"OK","684420","23/03/2026 12:02:27","C:\Users\evert\AppData\Roaming\.minecraft\modpacks\1f83bbfa-9b1b-3014-9381-ae7506ba9ccc\mods\compactmachines-neoforge-7.0.81.jar",""
"OK","690200","23/03/2026 12:04:48","C:\Users\evert\AppData\Roaming\.minecraft\modpacks\1f83bbfa-9b1b-3014-9381-ae7506ba9ccc\mods\starbunclemania-1.21.1-1.5.6.jar",""
"OK","692799","23/03/2026 12:05:00","C:\Users\evert\AppData\Roaming\.minecraft\modpacks\1f83bbfa-9b1b-3014-9381-ae7506ba9ccc\mods\AdditionalEnchantedMiner-1.21.1-neoforge-21.1.147.jar",""
"OK","699963","23/03/2026 12:05:20","C:\Users\evert\AppData\Roaming\.minecraft\modpacks\1f83bbfa-9b1b-3014-9381-ae7506ba9ccc\mods\mcjtylib-1.21-9.0.20.jar",""
"OK","704672","23/03/2026 12:04:40","C:\Users\evert\AppData\Roaming\.minecraft\modpacks\1f83bbfa-9b1b-3014-9381-ae7506ba9ccc\mods\luminax-1.3.1_neoforge_1.21.1.jar",""
"OK","707745","23/03/2026 12:04:19","C:\Users\evert\AppData\Roaming\.minecraft\modpacks\1f83bbfa-9b1b-3014-9381-ae7506ba9ccc\mods\Modern-Dynamics-0.9.6.jar",""
"OK","710072","23/03/2026 12:02:43","C:\Users\evert\AppData\Roaming\.minecraft\modpacks\1f83bbfa-9b1b-3014-9381-ae7506ba9ccc\mods\irons_jewelry-1.21.1-1.6.0.jar",""
"OK","724996","23/03/2026 12:05:00","C:\Users\evert\AppData\Roaming\.minecraft\modpacks\1f83bbfa-9b1b-3014-9381-ae7506ba9ccc\mods\sushigocrafting-1.21-0.6.5.jar",""
"OK","725742","23/03/2026 12:04:22","C:\Users\evert\AppData\Roaming\.minecraft\modpacks\1f83bbfa-9b1b-3014-9381-ae7506ba9ccc\mods\Jade-1.21.1-NeoForge-15.10.5.jar",""
"OK","726170","23/03/2026 12:03:57","C:\Users\evert\AppData\Roaming\.minecraft\modpacks\1f83bbfa-9b1b-3014-9381-ae7506ba9ccc\mods\tesseract-api-neoforge-1.11.8-1.21.1.jar",""
"OK","735329","23/03/2026 12:03:31","C:\Users\evert\AppData\Roaming\.minecraft\modpacks\1f83bbfa-9b1b-3014-9381-ae7506ba9ccc\mods\refined-types-1.21.1-0.2.9.jar",""
"OK","737298","23/03/2026 12:02:29","C:\Users\evert\AppData\Roaming\.minecraft\modpacks\1f83bbfa-9b1b-3014-9381-ae7506ba9ccc\mods\DungeonCrawl-NeoForge-1.21-2.3.15.jar",""
"OK","739709","23/03/2026 12:04:22","C:\Users\evert\AppData\Roaming\.minecraft\modpacks\1f83bbfa-9b1b-3014-9381-ae7506ba9ccc\mods\balm-neoforge-1.21.1-21.0.56.jar",""
"OK","740805","23/03/2026 12:03:46","C:\Users\evert\AppData\Roaming\.minecraft\modpacks\1f83bbfa-9b1b-3014-9381-ae7506ba9ccc\mods\ars_elemancy-1.21.1-1.12.4.jar",""
"OK","758137","18/03/2026 23:21:17","C:\Users\evert\AppData\Roaming\.minecraft\modpacks\1f83bbfa-9b1b-3014-9381-ae7506ba9ccc\simplebackups\Novo mundo\Novo mundo_2026-03-18_23-21-15.zip",""
"OK","773728","23/03/2026 12:03:45","C:\Users\evert\AppData\Roaming\.minecraft\modpacks\1f83bbfa-9b1b-3014-9381-ae7506ba9ccc\mods\functionalstorage-1.21.1-1.5.5.jar",""
"OK","777742","23/03/2026 12:02:58","C:\Users\evert\AppData\Roaming\.minecraft\modpacks\1f83bbfa-9b1b-3014-9381-ae7506ba9ccc\mods\mcw-mcwpaths-1.1.1-mc1.21.1neoforge.jar",""
"OK","779607","23/03/2026 12:04:41","C:\Users\evert\AppData\Roaming\.minecraft\modpacks\1f83bbfa-9b1b-3014-9381-ae7506ba9ccc\mods\mostructures-neoforge-1.6.0+1.21.1.jar",""
"OK","782160","23/03/2026 12:03:19","C:\Users\evert\AppData\Roaming\.minecraft\modpacks\1f83bbfa-9b1b-3014-9381-ae7506ba9ccc\mods\YungsBetterDungeons-1.21.1-NeoForge-5.1.4.jar",""
"OK","787739","23/03/2026 12:04:11","C:\Users\evert\AppData\Roaming\.minecraft\modpacks\1f83bbfa-9b1b-3014-9381-ae7506ba9ccc\mods\lithostitched-1.6.0-neoforge-1.21.1.jar",""
"OK","795839","23/03/2026 12:02:53","C:\Users\evert\AppData\Roaming\.minecraft\modpacks\1f83bbfa-9b1b-3014-9381-ae7506ba9ccc\mods\YungsBetterJungleTemples-1.21.1-NeoForge-3.1.2.jar",""
"OK","809234","23/03/2026 12:04:33","C:\Users\evert\AppData\Roaming\.minecraft\modpacks\1f83bbfa-9b1b-3014-9381-ae7506ba9ccc\mods\factory_blocks-neoforge-1.4.0+mc1.21.1.jar",""
"OK","817447","25/03/2026 23:35:55","C:\Users\evert\AppData\Roaming\.minecraft\modpacks\1f83bbfa-9b1b-3014-9381-ae7506ba9ccc\simplebackups\lana del rey e melhor q sabrina\lana del rey e melhor q sabrina_2026-03-25_23-35-52.zip",""
"OK","819976","23/03/2026 12:04:23","C:\Users\evert\AppData\Roaming\.minecraft\modpacks\1f83bbfa-9b1b-3014-9381-ae7506ba9ccc\mods\connectedglass-1.1.14-neoforge-mc1.21.jar",""
"OK","829490","23/03/2026 12:04:24","C:\Users\evert\AppData\Roaming\.minecraft\modpacks\1f83bbfa-9b1b-3014-9381-ae7506ba9ccc\mods\farmingforblockheads-neoforge-1.21.1-21.1.12.jar",""
"OK","834585","23/03/2026 12:04:36","C:\Users\evert\AppData\Roaming\.minecraft\modpacks\1f83bbfa-9b1b-3014-9381-ae7506ba9ccc\mods\crystalix-2.4.1.jar",""
"OK","847484","23/03/2026 12:02:50","C:\Users\evert\AppData\Roaming\.minecraft\modpacks\1f83bbfa-9b1b-3014-9381-ae7506ba9ccc\mods\uranus-2.4-1.21.1-neoforge.jar",""
"OK","873370","23/03/2026 12:02:27","C:\Users\evert\AppData\Roaming\.minecraft\modpacks\1f83bbfa-9b1b-3014-9381-ae7506ba9ccc\mods\formationsoverworld-1.0.5-mc1.21+.jar",""
"OK","875969","23/03/2026 12:02:45","C:\Users\evert\AppData\Roaming\.minecraft\modpacks\1f83bbfa-9b1b-3014-9381-ae7506ba9ccc\mods\waystones-neoforge-1.21.1-21.1.28.jar",""
"OK","882032","23/03/2026 12:05:23","C:\Users\evert\AppData\Roaming\.minecraft\modpacks\1f83bbfa-9b1b-3014-9381-ae7506ba9ccc\mods\rhino-2101.2.7-build.81.jar",""
"OK","905075","23/03/2026 12:02:57","C:\Users\evert\AppData\Roaming\.minecraft\modpacks\1f83bbfa-9b1b-3014-9381-ae7506ba9ccc\mods\xycraft_override-0.7.53.jar",""
"OK","905839","23/03/2026 12:03:54","C:\Users\evert\AppData\Roaming\.minecraft\modpacks\1f83bbfa-9b1b-3014-9381-ae7506ba9ccc\mods\YungsBetterDesertTemples-1.21.1-NeoForge-4.1.5.jar",""
"OK","920495","23/03/2026 12:03:21","C:\Users\evert\AppData\Roaming\.minecraft\modpacks\1f83bbfa-9b1b-3014-9381-ae7506ba9ccc\mods\rftoolsbuilder-1.21-7.0.4.jar",""
"OK","935409","23/03/2026 12:04:03","C:\Users\evert\AppData\Roaming\.minecraft\modpacks\1f83bbfa-9b1b-3014-9381-ae7506ba9ccc\mods\AdvancedPeripherals-1.21.1-0.7.60b.jar",""
"OK","942046","23/03/2026 12:02:47","C:\Users\evert\AppData\Roaming\.minecraft\modpacks\1f83bbfa-9b1b-3014-9381-ae7506ba9ccc\mods\formationsnether-1.0.5-mc1.21+.jar",""
"OK","951495","23/03/2026 12:02:56","C:\Users\evert\AppData\Roaming\.minecraft\modpacks\1f83bbfa-9b1b-3014-9381-ae7506ba9ccc\mods\Explorify v1.6.4 f15-88.mod.jar",""
"OK","961576","23/03/2026 12:05:00","C:\Users\evert\AppData\Roaming\.minecraft\modpacks\1f83bbfa-9b1b-3014-9381-ae7506ba9ccc\mods\shiny-1.21.1-1.2.5.jar",""
"OK","962953","23/03/2026 12:02:52","C:\Users\evert\AppData\Roaming\.minecraft\modpacks\1f83bbfa-9b1b-3014-9381-ae7506ba9ccc\mods\livingthings-neoforge-1.21.1-2.3.0.jar",""
"OK","970239","23/03/2026 12:05:06","C:\Users\evert\AppData\Roaming\.minecraft\modpacks\1f83bbfa-9b1b-3014-9381-ae7506ba9ccc\mods\lootr-neoforge-1.21.1-1.11.36.116.jar",""
"OK","981192","23/03/2026 12:02:56","C:\Users\evert\AppData\Roaming\.minecraft\modpacks\1f83bbfa-9b1b-3014-9381-ae7506ba9ccc\mods\rechiseledcreate-1.1.0-neoforge-mc1.21.jar",""
"OK","994053","23/03/2026 12:02:30","C:\Users\evert\AppData\Roaming\.minecraft\modpacks\1f83bbfa-9b1b-3014-9381-ae7506ba9ccc\mods\sophisticatedbackpacks-1.21.1-3.25.30.1547.jar",""
"OK","1012915","23/03/2026 12:05:15","C:\Users\evert\AppData\Roaming\.minecraft\modpacks\1f83bbfa-9b1b-3014-9381-ae7506ba9ccc\mods\mcw-holidays-1.1.2-mc1.21.1neoforge.jar",""
"OK","1022570","23/03/2026 12:04:29","C:\Users\evert\AppData\Roaming\.minecraft\modpacks\1f83bbfa-9b1b-3014-9381-ae7506ba9ccc\mods\artifacts-neoforge-13.2.0.jar",""
"OK","1025571","23/03/2026 12:03:04","C:\Users\evert\AppData\Roaming\.minecraft\modpacks\1f83bbfa-9b1b-3014-9381-ae7506ba9ccc\mods\YungsBetterOceanMonuments-1.21.1-NeoForge-4.1.2.jar",""
"OK","1041906","23/03/2026 12:04:27","C:\Users\evert\AppData\Roaming\.minecraft\modpacks\1f83bbfa-9b1b-3014-9381-ae7506ba9ccc\mods\create_aquatic_ambitions-1.21.1-2.0.2.jar",""
"OK","1048745","23/03/2026 12:02:38","C:\Users\evert\AppData\Roaming\.minecraft\modpacks\1f83bbfa-9b1b-3014-9381-ae7506ba9ccc\mods\embeddium-1.0.15+mc1.21.1.jar",""
"OK","1060606","23/03/2026 12:04:16","C:\Users\evert\AppData\Roaming\.minecraft\modpacks\1f83bbfa-9b1b-3014-9381-ae7506ba9ccc\mods\structurize-1.0.816-1.21.1.jar",""
"OK","1065153","23/03/2026 12:05:21","C:\Users\evert\AppData\Roaming\.minecraft\modpacks\1f83bbfa-9b1b-3014-9381-ae7506ba9ccc\mods\botanypots-neoforge-1.21.1-21.1.41.jar",""
"OK","1076276","23/03/2026 12:05:15","C:\Users\evert\AppData\Roaming\.minecraft\modpacks\1f83bbfa-9b1b-3014-9381-ae7506ba9ccc\mods\variantsandventures-neoforge-1.0.23+mc1.21.1.jar",""
"OK","1103352","23/03/2026 12:04:01","C:\Users\evert\AppData\Roaming\.minecraft\modpacks\1f83bbfa-9b1b-3014-9381-ae7506ba9ccc\mods\simplylight-1.5.3+1.21.1-b4.jar",""
"OK","1104556","23/03/2026 12:02:29","C:\Users\evert\AppData\Roaming\.minecraft\modpacks\1f83bbfa-9b1b-3014-9381-ae7506ba9ccc\mods\MekanismGenerators-1.21.1-10.7.18.84.jar",""
"OK","1118651","23/03/2026 12:03:58","C:\Users\evert\AppData\Roaming\.minecraft\modpacks\1f83bbfa-9b1b-3014-9381-ae7506ba9ccc\mods\yet_another_config_lib_v3-3.8.2+1.21.1-neoforge.jar",""
"OK","1121004","23/03/2026 12:04:42","C:\Users\evert\AppData\Roaming\.minecraft\modpacks\1f83bbfa-9b1b-3014-9381-ae7506ba9ccc\mods\megacells-4.10.2.jar",""
"OK","1124996","23/03/2026 12:03:28","C:\Users\evert\AppData\Roaming\.minecraft\modpacks\1f83bbfa-9b1b-3014-9381-ae7506ba9ccc\mods\domum-ornamentum-1.0.228-main.jar",""
"OK","1125052","23/03/2026 12:05:19","C:\Users\evert\AppData\Roaming\.minecraft\modpacks\1f83bbfa-9b1b-3014-9381-ae7506ba9ccc\resourcepacks\BSL_v10.1.1.zip",""
"OK","1143659","23/03/2026 12:03:39","C:\Users\evert\AppData\Roaming\.minecraft\modpacks\1f83bbfa-9b1b-3014-9381-ae7506ba9ccc\mods\amendments-1.21-2.0.15-neoforge.jar",""
"OK","1158061","23/03/2026 12:02:25","C:\Users\evert\AppData\Roaming\.minecraft\modpacks\1f83bbfa-9b1b-3014-9381-ae7506ba9ccc\mods\cyclopscore-1.21.1-neoforge-1.29.0.jar",""
"OK","1163890","23/03/2026 12:03:34","C:\Users\evert\AppData\Roaming\.minecraft\modpacks\1f83bbfa-9b1b-3014-9381-ae7506ba9ccc\mods\cloth-config-15.0.140-neoforge.jar",""
"OK","1185088","23/03/2026 12:02:46","C:\Users\evert\AppData\Roaming\.minecraft\modpacks\1f83bbfa-9b1b-3014-9381-ae7506ba9ccc\mods\CreeperOverhaul-neoforge-1.21.1-4.0.6.jar",""
"OK","1190404","23/03/2026 12:04:46","C:\Users\evert\AppData\Roaming\.minecraft\modpacks\1f83bbfa-9b1b-3014-9381-ae7506ba9ccc\mods\mcw-doors-1.1.5-mc1.21.1neoforge.jar",""
"OK","1198641","23/03/2026 12:05:04","C:\Users\evert\AppData\Roaming\.minecraft\modpacks\1f83bbfa-9b1b-3014-9381-ae7506ba9ccc\mods\dyenamics-1.21.1-3.4.2.jar",""
"OK","1221583","23/03/2026 12:03:45","C:\Users\evert\AppData\Roaming\.minecraft\modpacks\1f83bbfa-9b1b-3014-9381-ae7506ba9ccc\mods\owo-lib-neoforge-0.12.15.5-beta.1+1.21.jar",""
"OK","1224337","23/03/2026 12:02:29","C:\Users\evert\AppData\Roaming\.minecraft\modpacks\1f83bbfa-9b1b-3014-9381-ae7506ba9ccc\mods\xycraft_world-0.7.53.jar",""
"OK","1247975","23/03/2026 12:02:48","C:\Users\evert\AppData\Roaming\.minecraft\modpacks\1f83bbfa-9b1b-3014-9381-ae7506ba9ccc\mods\cookingforblockheads-neoforge-1.21.1-21.1.17.jar",""
"OK","1260803","23/03/2026 12:05:12","C:\Users\evert\AppData\Roaming\.minecraft\modpacks\1f83bbfa-9b1b-3014-9381-ae7506ba9ccc\mods\Structory_1.21.x_v1.3.14.jar",""
"OK","1261268","23/03/2026 12:04:24","C:\Users\evert\AppData\Roaming\.minecraft\modpacks\1f83bbfa-9b1b-3014-9381-ae7506ba9ccc\mods\mcw-mcwwindows-2.4.2-mc1.21.1neoforge.jar",""
"OK","1276690","23/03/2026 12:03:56","C:\Users\evert\AppData\Roaming\.minecraft\modpacks\1f83bbfa-9b1b-3014-9381-ae7506ba9ccc\mods\xtonesreworked-1.1.1-1.21.1.jar",""
"OK","1284439","23/03/2026 12:04:50","C:\Users\evert\AppData\Roaming\.minecraft\modpacks\1f83bbfa-9b1b-3014-9381-ae7506ba9ccc\mods\modular-routers-13.2.4+mc1.21.1.jar",""
"OK","1299974","23/03/2026 12:04:17","C:\Users\evert\AppData\Roaming\.minecraft\modpacks\1f83bbfa-9b1b-3014-9381-ae7506ba9ccc\mods\polylib-2100.1.0-build.183-neoforge.jar",""
"OK","1305285","23/03/2026 12:02:24","C:\Users\evert\AppData\Roaming\.minecraft\modpacks\1f83bbfa-9b1b-3014-9381-ae7506ba9ccc\mods\laserio-1.9.11.jar",""
"OK","1330403","23/03/2026 12:04:29","C:\Users\evert\AppData\Roaming\.minecraft\modpacks\1f83bbfa-9b1b-3014-9381-ae7506ba9ccc\mods\endermanoverhaul-neoforge-1.21.1-2.0.3.jar",""
"OK","1354111","23/03/2026 12:02:58","C:\Users\evert\AppData\Roaming\.minecraft\modpacks\1f83bbfa-9b1b-3014-9381-ae7506ba9ccc\mods\pamhc2crops-NEOFORGE-1.21.1-1.0.7.jar",""
"OK","1367818","23/03/2026 12:03:15","C:\Users\evert\AppData\Roaming\.minecraft\modpacks\1f83bbfa-9b1b-3014-9381-ae7506ba9ccc\mods\little-big-redstone-1.5.0-beta-1.21.1.jar",""
"OK","1370085","23/03/2026 12:05:10","C:\Users\evert\AppData\Roaming\.minecraft\modpacks\1f83bbfa-9b1b-3014-9381-ae7506ba9ccc\mods\mob_grinding_utils-1.1.10+mc1.21.1.jar",""
"OK","1385131","23/03/2026 12:04:27","C:\Users\evert\AppData\Roaming\.minecraft\modpacks\1f83bbfa-9b1b-3014-9381-ae7506ba9ccc\mods\BrandonsCore-1.21.1-3.2.1.309.jar",""
"OK","1397696","23/03/2026 12:04:05","C:\Users\evert\AppData\Roaming\.minecraft\modpacks\1f83bbfa-9b1b-3014-9381-ae7506ba9ccc\mods\pamhc2trees-NEOFORGE-1.21.1-1.0.7.jar",""
"OK","1410729","23/03/2026 12:04:28","C:\Users\evert\AppData\Roaming\.minecraft\modpacks\1f83bbfa-9b1b-3014-9381-ae7506ba9ccc\mods\ftb-library-neoforge-2101.1.30.jar",""
"OK","1429110","23/03/2026 12:02:40","C:\Users\evert\AppData\Roaming\.minecraft\modpacks\1f83bbfa-9b1b-3014-9381-ae7506ba9ccc\mods\rftoolsutility-1.21-7.0.10.jar",""
"OK","1439289","23/03/2026 12:04:33","C:\Users\evert\AppData\Roaming\.minecraft\modpacks\1f83bbfa-9b1b-3014-9381-ae7506ba9ccc\mods\cabletiers-neoforge-1.21.1-0.6.9.jar",""
"OK","1443280","23/03/2026 12:05:14","C:\Users\evert\AppData\Roaming\.minecraft\modpacks\1f83bbfa-9b1b-3014-9381-ae7506ba9ccc\mods\NaturesAura-41.9.jar",""
"OK","1452021","23/03/2026 12:04:58","C:\Users\evert\AppData\Roaming\.minecraft\modpacks\1f83bbfa-9b1b-3014-9381-ae7506ba9ccc\mods\ftb-quests-neoforge-2101.1.22.jar",""
"OK","1457506","23/03/2026 12:04:35","C:\Users\evert\AppData\Roaming\.minecraft\modpacks\1f83bbfa-9b1b-3014-9381-ae7506ba9ccc\mods\silentgems-1.21.1-neoforge-5.1.3.jar",""
"OK","1458261","23/03/2026 12:04:37","C:\Users\evert\AppData\Roaming\.minecraft\modpacks\1f83bbfa-9b1b-3014-9381-ae7506ba9ccc\mods\ars_additions-1.21.1-21.3.0.jar",""
"OK","1462513","23/03/2026 12:03:56","C:\Users\evert\AppData\Roaming\.minecraft\modpacks\1f83bbfa-9b1b-3014-9381-ae7506ba9ccc\mods\sophisticatedcore-1.21.1-1.4.6.1506.jar",""
"OK","1469454","23/03/2026 12:04:31","C:\Users\evert\AppData\Roaming\.minecraft\modpacks\1f83bbfa-9b1b-3014-9381-ae7506ba9ccc\mods\MoogsNetherStructures-1.21-2.0.31.jar",""
"OK","1529391","23/03/2026 12:03:44","C:\Users\evert\AppData\Roaming\.minecraft\modpacks\1f83bbfa-9b1b-3014-9381-ae7506ba9ccc\mods\jei-1.21.1-neoforge-19.27.0.340.jar",""
"OK","1538347","23/03/2026 12:02:43","C:\Users\evert\AppData\Roaming\.minecraft\modpacks\1f83bbfa-9b1b-3014-9381-ae7506ba9ccc\mods\CodeChickenLib-1.21.1-4.6.1.526.jar",""
"OK","1551013","23/03/2026 12:05:14","C:\Users\evert\AppData\Roaming\.minecraft\modpacks\1f83bbfa-9b1b-3014-9381-ae7506ba9ccc\mods\ZeroCore2-1.21.1-2.4.21.jar",""
"OK","1571893","23/03/2026 12:04:14","C:\Users\evert\AppData\Roaming\.minecraft\modpacks\1f83bbfa-9b1b-3014-9381-ae7506ba9ccc\mods\ponderjs-neoforge-1.21.1-2.4.0.jar",""
"OK","1586350","23/03/2026 12:04:52","C:\Users\evert\AppData\Roaming\.minecraft\modpacks\1f83bbfa-9b1b-3014-9381-ae7506ba9ccc\mods\moonlight-1.21-2.29.20-neoforge.jar",""
"OK","1592157","23/03/2026 12:05:06","C:\Users\evert\AppData\Roaming\.minecraft\modpacks\1f83bbfa-9b1b-3014-9381-ae7506ba9ccc\mods\Super Factory Manager (SFM)-MC1.21.1-4.31.0.jar",""
"OK","1595173","23/03/2026 12:02:52","C:\Users\evert\AppData\Roaming\.minecraft\modpacks\1f83bbfa-9b1b-3014-9381-ae7506ba9ccc\mods\createaddition-1.5.10.jar",""
"OK","1645565","23/03/2026 12:02:58","C:\Users\evert\AppData\Roaming\.minecraft\modpacks\1f83bbfa-9b1b-3014-9381-ae7506ba9ccc\mods\alltheores-3.1.8_neoforge_1.21.1.jar",""
"OK","1657235","23/03/2026 12:02:50","C:\Users\evert\AppData\Roaming\.minecraft\modpacks\1f83bbfa-9b1b-3014-9381-ae7506ba9ccc\mods\sophisticatedstorage-1.21.1-1.5.28.1494.jar",""
"OK","1680074","25/03/2026 23:27:46","C:\Users\evert\AppData\Roaming\.minecraft\modpacks\1f83bbfa-9b1b-3014-9381-ae7506ba9ccc\local\crash_assistant\13204_1774492055396_app.jar",""
"OK","1686091","23/03/2026 12:03:51","C:\Users\evert\AppData\Roaming\.minecraft\modpacks\1f83bbfa-9b1b-3014-9381-ae7506ba9ccc\mods\AE2NetworkAnalyzer-1.21-2.1.5-neoforge.jar",""
"OK","1696464","23/03/2026 12:03:54","C:\Users\evert\AppData\Roaming\.minecraft\modpacks\1f83bbfa-9b1b-3014-9381-ae7506ba9ccc\mods\tempad-1.21.1-3.0.4-all.jar",""
"OK","1699044","23/03/2026 12:04:31","C:\Users\evert\AppData\Roaming\.minecraft\modpacks\1f83bbfa-9b1b-3014-9381-ae7506ba9ccc\mods\pamhc2foodcore-NEOFORGE-1.21.1-1.0.4.jar",""
"OK","1784829","23/03/2026 12:04:18","C:\Users\evert\AppData\Roaming\.minecraft\modpacks\1f83bbfa-9b1b-3014-9381-ae7506ba9ccc\mods\mcw-roofs-2.3.2-mc1.21.1neoforge.jar",""
"OK","1912511","23/03/2026 12:05:11","C:\Users\evert\AppData\Roaming\.minecraft\modpacks\1f83bbfa-9b1b-3014-9381-ae7506ba9ccc\mods\allthemodium-3.0.0_mc_1.21.1.jar",""
"OK","1926047","23/03/2026 12:02:39","C:\Users\evert\AppData\Roaming\.minecraft\modpacks\1f83bbfa-9b1b-3014-9381-ae7506ba9ccc\mods\notenoughanimations-neoforge-1.11.3-mc1.21.1.jar",""
"OK","1983616","23/03/2026 12:04:30","C:\Users\evert\AppData\Roaming\.minecraft\modpacks\1f83bbfa-9b1b-3014-9381-ae7506ba9ccc\mods\pamhc2foodextended-NEOFORGE-1.21.1-1.0.0.jar",""
"OK","2080436","23/03/2026 12:02:56","C:\Users\evert\AppData\Roaming\.minecraft\modpacks\1f83bbfa-9b1b-3014-9381-ae7506ba9ccc\mods\mcw-furniture-3.4.1-mc1.21.1neoforge.jar",""
"OK","2116122","23/03/2026 12:02:59","C:\Users\evert\AppData\Roaming\.minecraft\modpacks\1f83bbfa-9b1b-3014-9381-ae7506ba9ccc\mods\Auroras-1.21-1.6.2.jar",""
"OK","2125317","23/03/2026 12:02:45","C:\Users\evert\AppData\Roaming\.minecraft\modpacks\1f83bbfa-9b1b-3014-9381-ae7506ba9ccc\mods\ars_elemental-1.21.1-0.7.8.6.jar",""
"OK","2133617","23/03/2026 12:05:14","C:\Users\evert\AppData\Roaming\.minecraft\modpacks\1f83bbfa-9b1b-3014-9381-ae7506ba9ccc\mods\stevescarts-1.21-1.2.18-neoforge.jar",""
"OK","2214534","23/03/2026 12:02:49","C:\Users\evert\AppData\Roaming\.minecraft\modpacks\1f83bbfa-9b1b-3014-9381-ae7506ba9ccc\mods\reliquary-1.21.1-2.0.65.1341.jar",""
"OK","2240610","23/03/2026 12:02:47","C:\Users\evert\AppData\Roaming\.minecraft\modpacks\1f83bbfa-9b1b-3014-9381-ae7506ba9ccc\mods\kubejs-neoforge-2101.7.2-build.348.jar",""
"OK","2255302","23/03/2026 12:04:36","C:\Users\evert\AppData\Roaming\.minecraft\modpacks\1f83bbfa-9b1b-3014-9381-ae7506ba9ccc\mods\extended-industrialization-1.15.32-1.21.1.jar",""
"OK","2304453","23/03/2026 12:02:36","C:\Users\evert\AppData\Roaming\.minecraft\modpacks\1f83bbfa-9b1b-3014-9381-ae7506ba9ccc\mods\tombstone-neoforge-1.21.1-9.4.8.jar",""
"OK","2307740","23/03/2026 12:03:49","C:\Users\evert\AppData\Roaming\.minecraft\modpacks\1f83bbfa-9b1b-3014-9381-ae7506ba9ccc\mods\Rainbows-1.21-1.5.jar",""
"OK","2323367","23/03/2026 12:04:15","C:\Users\evert\AppData\Roaming\.minecraft\modpacks\1f83bbfa-9b1b-3014-9381-ae7506ba9ccc\mods\MysticalAgriculture-1.21.1-8.0.23.jar",""
"OK","2327963","23/03/2026 12:03:02","C:\Users\evert\AppData\Roaming\.minecraft\modpacks\1f83bbfa-9b1b-3014-9381-ae7506ba9ccc\mods\xycraft_core-0.7.53-all.jar",""
"OK","2369895","23/03/2026 12:04:03","C:\Users\evert\AppData\Roaming\.minecraft\modpacks\1f83bbfa-9b1b-3014-9381-ae7506ba9ccc\mods\fzzy_config-0.7.6+1.21+neoforge.jar",""
"OK","2395395","23/03/2026 12:02:42","C:\Users\evert\AppData\Roaming\.minecraft\modpacks\1f83bbfa-9b1b-3014-9381-ae7506ba9ccc\mods\modonomicon-1.21.1-neoforge-1.117.4.jar",""
"OK","2438548","23/03/2026 12:03:49","C:\Users\evert\AppData\Roaming\.minecraft\modpacks\1f83bbfa-9b1b-3014-9381-ae7506ba9ccc\mods\iris-neoforge-1.8.12+mc1.21.1.jar",""
"OK","2458587","23/03/2026 12:04:09","C:\Users\evert\AppData\Roaming\.minecraft\modpacks\1f83bbfa-9b1b-3014-9381-ae7506ba9ccc\mods\MoogsEndStructures-1.21-2.0.1.jar",""
"OK","2554779","23/03/2026 12:02:28","C:\Users\evert\AppData\Roaming\.minecraft\modpacks\1f83bbfa-9b1b-3014-9381-ae7506ba9ccc\mods\ExtremeReactors2-1.21.1-2.4.28.jar",""
"OK","2670229","23/03/2026 12:03:13","C:\Users\evert\AppData\Roaming\.minecraft\modpacks\1f83bbfa-9b1b-3014-9381-ae7506ba9ccc\mods\MoogsVoyagerStructures-1.21-5.0.5.jar",""
"OK","2737273","23/03/2026 12:02:55","C:\Users\evert\AppData\Roaming\.minecraft\modpacks\1f83bbfa-9b1b-3014-9381-ae7506ba9ccc\mods\Powah-6.2.8.jar",""
"OK","2753166","23/03/2026 12:03:02","C:\Users\evert\AppData\Roaming\.minecraft\modpacks\1f83bbfa-9b1b-3014-9381-ae7506ba9ccc\mods\relics-1.21.1-0.10.7.8.jar",""
"OK","2773488","23/03/2026 12:02:31","C:\Users\evert\AppData\Roaming\.minecraft\modpacks\1f83bbfa-9b1b-3014-9381-ae7506ba9ccc\mods\EuphoriaPatcher-1.8.6-r5.7.1-neoforge.jar",""
"OK","2779673","23/03/2026 12:03:59","C:\Users\evert\AppData\Roaming\.minecraft\modpacks\1f83bbfa-9b1b-3014-9381-ae7506ba9ccc\mods\mekmm-1.21.1-1.3.1.jar",""
"OK","2826161","23/03/2026 12:04:25","C:\Users\evert\AppData\Roaming\.minecraft\modpacks\1f83bbfa-9b1b-3014-9381-ae7506ba9ccc\mods\evilcraft-1.21.1-neoforge-1.2.82-785.jar",""
"OK","2853190","23/03/2026 12:03:38","C:\Users\evert\AppData\Roaming\.minecraft\modpacks\1f83bbfa-9b1b-3014-9381-ae7506ba9ccc\mods\justdirethings-1.5.7.jar",""
"OK","2935025","23/03/2026 12:02:52","C:\Users\evert\AppData\Roaming\.minecraft\modpacks\1f83bbfa-9b1b-3014-9381-ae7506ba9ccc\mods\FarmersDelight-1.21.1-1.2.10.jar",""
"OK","2957536","23/03/2026 12:03:43","C:\Users\evert\AppData\Roaming\.minecraft\modpacks\1f83bbfa-9b1b-3014-9381-ae7506ba9ccc\mods\silent-gear-1.21.1-neoforge-4.1.2.jar",""
"OK","3003710","23/03/2026 12:04:53","C:\Users\evert\AppData\Roaming\.minecraft\modpacks\1f83bbfa-9b1b-3014-9381-ae7506ba9ccc\local\crash_assistant\13204_1774492055396_mod.jar",""
"OK","3003710","23/03/2026 12:04:53","C:\Users\evert\AppData\Roaming\.minecraft\modpacks\1f83bbfa-9b1b-3014-9381-ae7506ba9ccc\mods\CrashAssistant-neoforge-1.20.6-1.21.4-1.11.0.jar",""
"OK","3027979","23/03/2026 12:05:10","C:\Users\evert\AppData\Roaming\.minecraft\modpacks\1f83bbfa-9b1b-3014-9381-ae7506ba9ccc\mods\productivemetalworks-1.21.1-1.14.0.jar",""
"OK","3056398","23/03/2026 12:03:32","C:\Users\evert\AppData\Roaming\.minecraft\modpacks\1f83bbfa-9b1b-3014-9381-ae7506ba9ccc\mods\xycraft_machines-0.7.53.jar",""
"OK","3074614","23/03/2026 12:04:48","C:\Users\evert\AppData\Roaming\.minecraft\modpacks\1f83bbfa-9b1b-3014-9381-ae7506ba9ccc\mods\MoogsSoaringStructures-1.21-2.0.2.jar",""
"OK","3094722","23/03/2026 12:05:08","C:\Users\evert\AppData\Roaming\.minecraft\modpacks\1f83bbfa-9b1b-3014-9381-ae7506ba9ccc\mods\cc-tweaked-1.21.1-forge-1.113.1.jar",""
"OK","3100552","23/03/2026 12:04:49","C:\Users\evert\AppData\Roaming\.minecraft\modpacks\1f83bbfa-9b1b-3014-9381-ae7506ba9ccc\mods\mffs-5.4.27.jar",""
"OK","3104793","23/03/2026 12:03:03","C:\Users\evert\AppData\Roaming\.minecraft\modpacks\1f83bbfa-9b1b-3014-9381-ae7506ba9ccc\mods\cc-tweaked-1.21.1-forge-1.116.2.jar",""
"OK","3215755","23/03/2026 12:03:05","C:\Users\evert\AppData\Roaming\.minecraft\modpacks\1f83bbfa-9b1b-3014-9381-ae7506ba9ccc\mods\actuallyadditions-1.3.25+mc1.21.1.jar",""
"OK","3402083","23/03/2026 12:02:39","C:\Users\evert\AppData\Roaming\.minecraft\modpacks\1f83bbfa-9b1b-3014-9381-ae7506ba9ccc\mods\forbidden_arcanus-2.6.1.jar",""
"OK","3563734","23/03/2026 12:03:46","C:\Users\evert\AppData\Roaming\.minecraft\modpacks\1f83bbfa-9b1b-3014-9381-ae7506ba9ccc\mods\journeymap-neoforge-1.21.1-6.0.0-beta.55.jar",""
"OK","3641681","23/03/2026 12:04:30","C:\Users\evert\AppData\Roaming\.minecraft\modpacks\1f83bbfa-9b1b-3014-9381-ae7506ba9ccc\mods\t_and_t-neoforge-fabric-1.13.7+1.21.1.jar",""
"OK","3642581","23/03/2026 12:03:27","C:\Users\evert\AppData\Roaming\.minecraft\modpacks\1f83bbfa-9b1b-3014-9381-ae7506ba9ccc\mods\spark-1.10.124-neoforge.jar",""
"OK","3691171","23/03/2026 12:02:26","C:\Users\evert\AppData\Roaming\.minecraft\modpacks\1f83bbfa-9b1b-3014-9381-ae7506ba9ccc\mods\ars_technica-1.21.1-2.7.6.jar",""
"OK","3858597","23/03/2026 12:03:24","C:\Users\evert\AppData\Roaming\.minecraft\modpacks\1f83bbfa-9b1b-3014-9381-ae7506ba9ccc\mods\buildinggadgets2-1.3.9.jar",""
"OK","4297501","23/03/2026 12:03:17","C:\Users\evert\AppData\Roaming\.minecraft\modpacks\1f83bbfa-9b1b-3014-9381-ae7506ba9ccc\mods\fancymenu_neoforge_3.8.1_MC_1.21.1.jar",""
"OK","4301567","23/03/2026 12:05:22","C:\Users\evert\AppData\Roaming\.minecraft\modpacks\1f83bbfa-9b1b-3014-9381-ae7506ba9ccc\mods\FramedBlocks-10.5.3.jar",""
"OK","4321266","23/03/2026 12:04:33","C:\Users\evert\AppData\Roaming\.minecraft\modpacks\1f83bbfa-9b1b-3014-9381-ae7506ba9ccc\mods\integrateddynamics-1.21.1-neoforge-1.32.0-1642.jar",""
"OK","4506772","23/03/2026 12:04:58","C:\Users\evert\AppData\Roaming\.minecraft\modpacks\1f83bbfa-9b1b-3014-9381-ae7506ba9ccc\mods\refinedstorage-neoforge-2.0.1.jar",""
"OK","4630924","23/03/2026 12:05:24","C:\Users\evert\AppData\Roaming\.minecraft\modpacks\1f83bbfa-9b1b-3014-9381-ae7506ba9ccc\mods\industrialforegoing-1.21-3.6.38.jar",""
"OK","4796780","23/03/2026 12:05:01","C:\Users\evert\AppData\Roaming\.minecraft\modpacks\1f83bbfa-9b1b-3014-9381-ae7506ba9ccc\mods\AdvancedAE-1.6.10-1.21.1.jar",""
"OK","4929574","23/03/2026 12:02:31","C:\Users\evert\AppData\Roaming\.minecraft\modpacks\1f83bbfa-9b1b-3014-9381-ae7506ba9ccc\mods\allthetweaks-1.21.1-2.8.5.jar",""
"OK","4951098","23/03/2026 12:02:47","C:\Users\evert\AppData\Roaming\.minecraft\modpacks\1f83bbfa-9b1b-3014-9381-ae7506ba9ccc\mods\[1.21.1] SecurityCraft v1.10.1.jar",""
"OK","5031941","23/03/2026 12:03:50","C:\Users\evert\AppData\Roaming\.minecraft\modpacks\1f83bbfa-9b1b-3014-9381-ae7506ba9ccc\mods\mahoutsukai-1.21.1-v1.36.23.jar",""
"OK","5215702","23/03/2026 12:05:23","C:\Users\evert\AppData\Roaming\.minecraft\modpacks\1f83bbfa-9b1b-3014-9381-ae7506ba9ccc\mods\productivebees-1.21.1-13.13.1.jar",""
"OK","5244628","23/03/2026 12:02:58","C:\Users\evert\AppData\Roaming\.minecraft\modpacks\1f83bbfa-9b1b-3014-9381-ae7506ba9ccc\mods\theurgy-1.21.1-neoforge-1.68.0.jar",""
"OK","5290986","23/03/2026 12:04:44","C:\Users\evert\AppData\Roaming\.minecraft\modpacks\1f83bbfa-9b1b-3014-9381-ae7506ba9ccc\mods\railcraft-reborn-1.21.1-1.2.10.jar",""
"OK","5350906","23/03/2026 12:03:26","C:\Users\evert\AppData\Roaming\.minecraft\modpacks\1f83bbfa-9b1b-3014-9381-ae7506ba9ccc\mods\ApothicEnchanting-1.21.1-1.5.2.jar",""
"OK","5365182","23/03/2026 12:05:25","C:\Users\evert\AppData\Roaming\.minecraft\modpacks\1f83bbfa-9b1b-3014-9381-ae7506ba9ccc\mods\regions_unexplored-neoforge-1.21.1-0.5.9.jar",""
"OK","5467560","23/03/2026 12:05:18","C:\Users\evert\AppData\Roaming\.minecraft\modpacks\1f83bbfa-9b1b-3014-9381-ae7506ba9ccc\mods\bibliocraft-1.21.1-1.6.4.jar",""
"OK","5548206","23/03/2026 12:05:02","C:\Users\evert\AppData\Roaming\.minecraft\modpacks\1f83bbfa-9b1b-3014-9381-ae7506ba9ccc\mods\ExtendedAE-1.21-2.2.29-neoforge.jar",""
"OK","5705172","23/03/2026 12:03:38","C:\Users\evert\AppData\Roaming\.minecraft\modpacks\1f83bbfa-9b1b-3014-9381-ae7506ba9ccc\mods\enderio-8.2.1-alpha.jar",""
"OK","5871006","23/03/2026 12:02:30","C:\Users\evert\AppData\Roaming\.minecraft\modpacks\1f83bbfa-9b1b-3014-9381-ae7506ba9ccc\mods\herbsandharvest-1.21.1-8.jar",""
"OK","5901446","23/03/2026 12:03:20","C:\Users\evert\AppData\Roaming\.minecraft\modpacks\1f83bbfa-9b1b-3014-9381-ae7506ba9ccc\mods\allthecompressed-1.21.1-4.4.0.jar",""
"OK","5924051","23/03/2026 12:02:38","C:\Users\evert\AppData\Roaming\.minecraft\modpacks\1f83bbfa-9b1b-3014-9381-ae7506ba9ccc\mods\BridgingMod-2.6.2+1.21.1.neoforge-release.jar",""
"OK","6045942","23/03/2026 12:04:10","C:\Users\evert\AppData\Roaming\.minecraft\modpacks\1f83bbfa-9b1b-3014-9381-ae7506ba9ccc\mods\Draconic-Evolution-1.21.1-3.1.4.632.jar",""
"OK","6791577","23/03/2026 12:02:56","C:\Users\evert\AppData\Roaming\.minecraft\modpacks\1f83bbfa-9b1b-3014-9381-ae7506ba9ccc\mods\occultism-1.21.1-neoforge-1.205.0.jar",""
"OK","6869790","23/03/2026 12:02:38","C:\Users\evert\AppData\Roaming\.minecraft\modpacks\1f83bbfa-9b1b-3014-9381-ae7506ba9ccc\mods\kotlinforforge-5.11.0-all.jar",""
"OK","6964172","23/03/2026 12:04:13","C:\Users\evert\AppData\Roaming\.minecraft\modpacks\1f83bbfa-9b1b-3014-9381-ae7506ba9ccc\mods\Apotheosis-1.21.1-8.5.2.jar",""
"OK","7076859","23/03/2026 12:05:17","C:\Users\evert\AppData\Roaming\.minecraft\modpacks\1f83bbfa-9b1b-3014-9381-ae7506ba9ccc\mods\Modern-Industrialization-2.4.1.jar",""
"OK","7098705","23/03/2026 12:03:54","C:\Users\evert\AppData\Roaming\.minecraft\modpacks\1f83bbfa-9b1b-3014-9381-ae7506ba9ccc\mods\[neoforge]ctov-3.6.2a.jar",""
"OK","7132842","23/03/2026 12:02:43","C:\Users\evert\AppData\Roaming\.minecraft\modpacks\1f83bbfa-9b1b-3014-9381-ae7506ba9ccc\mods\handcrafted-neoforge-1.21.1-4.0.3.jar",""
"OK","7133477","23/03/2026 12:03:21","C:\Users\evert\AppData\Roaming\.minecraft\modpacks\1f83bbfa-9b1b-3014-9381-ae7506ba9ccc\mods\refurbished_furniture-neoforge-1.21.1-1.0.22.jar",""
"OK","8230896","23/03/2026 12:04:54","C:\Users\evert\AppData\Roaming\.minecraft\modpacks\1f83bbfa-9b1b-3014-9381-ae7506ba9ccc\mods\appliedenergistics2-19.2.17.jar",""
"OK","8238563","23/03/2026 12:05:31","C:\Users\evert\AppData\Roaming\.minecraft\modpacks\1f83bbfa-9b1b-3014-9381-ae7506ba9ccc\mods\repurposed_structures-7.5.18+1.21.1-neoforge.jar",""
"OK","8268409","23/03/2026 12:03:24","C:\Users\evert\AppData\Roaming\.minecraft\modpacks\1f83bbfa-9b1b-3014-9381-ae7506ba9ccc\mods\chisel-neoforge-2.0.0+mc1.21.1.jar",""
"OK","8361784","23/03/2026 12:05:19","C:\Users\evert\AppData\Roaming\.minecraft\modpacks\1f83bbfa-9b1b-3014-9381-ae7506ba9ccc\mods\dyenamicsandfriends-1.21.1-2.2.2.jar",""
"OK","9309183","23/03/2026 12:04:25","C:\Users\evert\AppData\Roaming\.minecraft\modpacks\1f83bbfa-9b1b-3014-9381-ae7506ba9ccc\mods\guideme-21.1.15.jar",""
"OK","10622940","23/03/2026 12:04:11","C:\Users\evert\AppData\Roaming\.minecraft\modpacks\1f83bbfa-9b1b-3014-9381-ae7506ba9ccc\mods\oritech-neoforge-1.21.1-1.0.1.jar",""
"OK","11488067","23/03/2026 12:04:12","C:\Users\evert\AppData\Roaming\.minecraft\modpacks\1f83bbfa-9b1b-3014-9381-ae7506ba9ccc\mods\rechiseled-1.2.4-neoforge-mc1.21.jar",""
"OK","11770614","23/03/2026 12:02:45","C:\Users\evert\AppData\Roaming\.minecraft\modpacks\1f83bbfa-9b1b-3014-9381-ae7506ba9ccc\mods\pneumaticcraft-repressurized-8.2.17+mc1.21.1.jar",""
"OK","11842679","23/03/2026 12:04:02","C:\Users\evert\AppData\Roaming\.minecraft\modpacks\1f83bbfa-9b1b-3014-9381-ae7506ba9ccc\mods\DungeonsArise-1.21.1-2.1.68-release.jar",""
"OK","11950460","23/03/2026 12:05:11","C:\Users\evert\AppData\Roaming\.minecraft\modpacks\1f83bbfa-9b1b-3014-9381-ae7506ba9ccc\mods\Mekanism-1.21.1-10.7.18.84.jar",""
"OK","13354405","23/03/2026 12:04:27","C:\Users\evert\AppData\Roaming\.minecraft\modpacks\1f83bbfa-9b1b-3014-9381-ae7506ba9ccc\mods\supplementaries-1.21-3.5.27-neoforge.jar",""
"OK","13529099","23/03/2026 12:02:38","C:\Users\evert\AppData\Roaming\.minecraft\modpacks\1f83bbfa-9b1b-3014-9381-ae7506ba9ccc\mods\irons_spellbooks-1.21.1-3.15.4.jar",""
"OK","13534494","23/03/2026 12:04:57","C:\Users\evert\AppData\Roaming\.minecraft\modpacks\1f83bbfa-9b1b-3014-9381-ae7506ba9ccc\mods\productivetrees-1.21.1-0.8.1.jar",""
"OK","14232121","23/03/2026 12:05:12","C:\Users\evert\AppData\Roaming\.minecraft\modpacks\1f83bbfa-9b1b-3014-9381-ae7506ba9ccc\mods\ImmersiveEngineering-1.21.1-12.4.2-194.jar",""
"OK","15020578","23/03/2026 12:05:04","C:\Users\evert\AppData\Roaming\.minecraft\modpacks\1f83bbfa-9b1b-3014-9381-ae7506ba9ccc\mods\chipped-neoforge-1.21.1-4.0.2.jar",""
"OK","15191920","23/03/2026 12:04:34","C:\Users\evert\AppData\Roaming\.minecraft\modpacks\1f83bbfa-9b1b-3014-9381-ae7506ba9ccc\mods\Byzantine-1.21.1-47.1.jar",""
"OK","16872119","23/03/2026 12:04:35","C:\Users\evert\AppData\Roaming\.minecraft\modpacks\1f83bbfa-9b1b-3014-9381-ae7506ba9ccc\mods\ScalableCatsForce-NeoForge-3.7.1-build-11-with-library.jar",""
"OK","17886030","23/03/2026 12:02:44","C:\Users\evert\AppData\Roaming\.minecraft\modpacks\1f83bbfa-9b1b-3014-9381-ae7506ba9ccc\mods\deeperdarker-neoforge-1.21.1-1.3.5.jar",""
"OK","19019888","23/03/2026 12:03:58","C:\Users\evert\AppData\Roaming\.minecraft\modpacks\1f83bbfa-9b1b-3014-9381-ae7506ba9ccc\mods\create-1.21.1-6.0.9.jar",""
"OK","20181755","23/03/2026 12:03:27","C:\Users\evert\AppData\Roaming\.minecraft\modpacks\1f83bbfa-9b1b-3014-9381-ae7506ba9ccc\mods\bibliobiomes-1.21.1-1.6.1.jar",""
"OK","20673525","23/03/2026 12:03:31","C:\Users\evert\AppData\Roaming\.minecraft\modpacks\1f83bbfa-9b1b-3014-9381-ae7506ba9ccc\mods\ars_nouveau-1.21.1-5.11.2.jar",""
"OK","20743236","23/03/2026 12:03:37","C:\Users\evert\AppData\Roaming\.minecraft\modpacks\1f83bbfa-9b1b-3014-9381-ae7506ba9ccc\mods\Oh-The-Biomes-Weve-Gone-NeoForge-2.5.4.jar",""
"OK","20927710","23/03/2026 12:03:17","C:\Users\evert\AppData\Roaming\.minecraft\modpacks\1f83bbfa-9b1b-3014-9381-ae7506ba9ccc\mods\IceAndFireCE-2.0-beta.13-1.21.1-neoforge.jar",""
"OK","21961335","23/03/2026 12:05:19","C:\Users\evert\AppData\Roaming\.minecraft\modpacks\1f83bbfa-9b1b-3014-9381-ae7506ba9ccc\mods\merrymaking-1.21.1-14.jar",""
"OK","23234306","23/03/2026 12:04:08","C:\Users\evert\AppData\Roaming\.minecraft\modpacks\1f83bbfa-9b1b-3014-9381-ae7506ba9ccc\mods\bibliowoods-1.21.1-1.6.2.jar",""
"OK","27088062","23/03/2026 12:05:21","C:\Users\evert\AppData\Roaming\.minecraft\modpacks\1f83bbfa-9b1b-3014-9381-ae7506ba9ccc\mods\twilightforest-1.21.1-4.8.3287-universal.jar",""
"OK","29779599","23/03/2026 12:03:32","C:\Users\evert\AppData\Roaming\.minecraft\modpacks\1f83bbfa-9b1b-3014-9381-ae7506ba9ccc\mods\oracle_index-neoforge-1.0.0.jar",""
"OK","31220344","23/03/2026 12:04:51","C:\Users\evert\AppData\Roaming\.minecraft\modpacks\1f83bbfa-9b1b-3014-9381-ae7506ba9ccc\mods\stylecolonies-1.15.50-1.21.1.jar",""
"OK","38503401","23/03/2026 12:05:25","C:\Users\evert\AppData\Roaming\.minecraft\modpacks\1f83bbfa-9b1b-3014-9381-ae7506ba9ccc\mods\integratedscripting-1.21.1-neoforge-1.0.21-335.jar",""
"OK","40223909","23/03/2026 12:03:50","C:\Users\evert\AppData\Roaming\.minecraft\modpacks\1f83bbfa-9b1b-3014-9381-ae7506ba9ccc\mods\aether-1.21.1-1.5.10-neoforge.jar",""
"OK","45291718","23/03/2026 12:04:18","C:\Users\evert\AppData\Roaming\.minecraft\modpacks\1f83bbfa-9b1b-3014-9381-ae7506ba9ccc\mods\The_Undergarden-1.21.1-0.9.4.jar",""
"OK","52301863","23/03/2026 12:05:31","C:\Users\evert\AppData\Roaming\.minecraft\modpacks\1f83bbfa-9b1b-3014-9381-ae7506ba9ccc\mods\towntalk-1.2.0.jar",""
"OK","53483861","23/03/2026 12:05:10","C:\Users\evert\AppData\Roaming\.minecraft\modpacks\1f83bbfa-9b1b-3014-9381-ae7506ba9ccc\mods\eternalstarlight-0.6.4+1.21.1+neoforge.jar",""
"OK","69474201","23/03/2026 12:04:51","C:\Users\evert\AppData\Roaming\.minecraft\modpacks\1f83bbfa-9b1b-3014-9381-ae7506ba9ccc\mods\the_bumblezone-7.11.10+1.21.1-neoforge.jar",""
"OK","73344832","23/03/2026 12:04:47","C:\Users\evert\AppData\Roaming\.minecraft\modpacks\1f83bbfa-9b1b-3014-9381-ae7506ba9ccc\mods\L_Ender's Cataclysm 1.21.1-3.24.jar",""
"OK","77337536","23/03/2026 12:04:17","C:\Users\evert\AppData\Roaming\.minecraft\modpacks\1f83bbfa-9b1b-3014-9381-ae7506ba9ccc\mods\minecolonies-1.1.1282-1.21.1-snapshot.jar",""
"OK","201495432","19/03/2026 00:19:32","C:\Users\evert\AppData\Roaming\.minecraft\modpacks\1f83bbfa-9b1b-3014-9381-ae7506ba9ccc\All the Mods 10-6.0.zip",""
"OK","201523983","23/03/2026 12:00:54","C:\Users\evert\AppData\Roaming\.minecraft\modpacks\1f83bbfa-9b1b-3014-9381-ae7506ba9ccc\All the Mods 10-6.1.zip",""
